,,,,,,,,,,,,,,,,,,,,,,,,,,,,,,,,,,,,,,,,,,,,,,,,,,,,,,,,,,,,,,,,,,,,,,,,,,,,,,,,,,,,,,,,,,,,,,,,,,,,,,,,,,,,,,,,,,,,,,,,,,,,,,,,,,,,,,,,,,,,,,,,,,,,,,,,,,,,,,,,,,,,,,,,,,,,,,,,,,,,,,,,,,,,,,,,,,,,,,
在留資格,(すべて),,,,,,,,,,,,,,,,,,,,,,,,,,,,,,,,,,,,,,,,,,,,,,,,,,,,,,,,,,,,,,,,,,,,,,,,,,,,,,,,,,,,,,,,,,,,,,,,,,,,,,,,,,,,,,,,,,,,,,,,,,,,,,,,,,,,,,,,,,,,,,,,,,,,,,,,,,,,,,,,,,,,,,,,,,,,,,,,,,,,,,,,,,,,,,,,,,,,,
性別,(すべて),,,,,,,,,,,,,,,,,,,,,,,,,,,,,,,,,,,,,,,,,,,,,,,,,,,,,,,,,,,,,,,,,,,,,,,,,,,,,,,,,,,,,,,,,,,,,,,,,,,,,,,,,,,,,,,,,,,,,,,,,,,,,,,,,,,,,,,,,,,,,,,,,,,,,,,,,,,,,,,,,,,,,,,,,,,,,,,,,,,,,,,,,,,,,,,,,,,,,
年齢（５歳階級）,(すべて),,,,,,,,,,,,,,,,,,,,,,,,,,,,,,,,,,,,,,,,,,,,,,,,,,,,,,,,,,,,,,,,,,,,,,,,,,,,,,,,,,,,,,,,,,,,,,,,,,,,,,,,,,,,,,,,,,,,,,,,,,,,,,,,,,,,,,,,,,,,,,,,,,,,,,,,,,,,,,,,,,,,,,,,,,,,,,,,,,,,,,,,,,,,,,,,,,,,,
年齢,(すべて),,,,,,,,,,,,,,,,,,,,,,,,,,,,,,,,,,,,,,,,,,,,,,,,,,,,,,,,,,,,,,,,,,,,,,,,,,,,,,,,,,,,,,,,,,,,,,,,,,,,,,,,,,,,,,,,,,,,,,,,,,,,,,,,,,,,,,,,,,,,,,,,,,,,,,,,,,,,,,,,,,,,,,,,,,,,,,,,,,,,,,,,,,,,,,,,,,,,,
,,,,,,,,,,,,,,,,,,,,,,,,,,,,,,,,,,,,,,,,,,,,,,,,,,,,,,,,,,,,,,,,,,,,,,,,,,,,,,,,,,,,,,,,,,,,,,,,,,,,,,,,,,,,,,,,,,,,,,,,,,,,,,,,,,,,,,,,,,,,,,,,,,,,,,,,,,,,,,,,,,,,,,,,,,,,,,,,,,,,,,,,,,,,,,,,,,,,,,
合計 / 在留外国人数,列ラベル,,,,,,,,,,,,,,,,,,,,,,,,,,,,,,,,,,,,,,,,,,,,,,,,,,,,,,,,,,,,,,,,,,,,,,,,,,,,,,,,,,,,,,,,,,,,,,,,,,,,,,,,,,,,,,,,,,,,,,,,,,,,,,,,,,,,,,,,,,,,,,,,,,,,,,,,,,,,,,,,,,,,,,,,,,,,,,,,,,,,,,,,,,,,,,,,,,,,,
行ラベル,01_001：アフガニスタン,01_002：アラブ首長国連邦,01_003：イエメン,01_004：イスラエル,01_005：イラク,01_006：イラン,01_007：インド,01_008：インドネシア,01_009：オマーン,01_010：カタール,01_011：韓国,01_012：（朝鮮）,01_014：カンボジア,01_015：キプロス,01_016：クウェート,01_017：サウジアラビア,01_018：シリア,01_019：シンガポール,01_020：スリランカ,01_021：タイ,01_022：台湾,01_023：中国,01_026：トルコ,01_028：ネパール,01_029：バーレーン,01_030：パキスタン,01_031：パレスチナ,01_032：バングラデシュ,01_033：東ティモール,01_034：フィリピン,01_035：ブータン,01_036：ブルネイ,01_037：ベトナム,01_038：マレーシア,01_039：ミャンマー,01_040：モルディブ,01_041：モンゴル,01_042：ヨルダン,01_043：ラオス,01_044：レバノン,02_045：アイスランド,02_046：アイルランド,02_047：アゼルバイジャン,02_048：アルバニア,02_049：アルメニア,02_050：アンドラ,02_051：イタリア,02_052：ウクライナ,02_053：ウズベキスタン,02_054：英国,02_056：エストニア,02_057：オーストリア,02_058：オランダ,02_059：カザフスタン,02_060：北マケドニア,02_061：ギリシャ,02_062：キルギス,02_063：クロアチア,02_064：コソボ共和国,02_065：サンマリノ,02_066：ジョージア,02_067：スイス,02_068：スウェーデン,02_069：スペイン,02_070：スロバキア,02_071：スロベニア,02_072：セルビア,02_073：セルビア?モンテネグロ,02_074：タジキスタン,02_075：チェコ,02_077：デンマーク,02_078：ドイツ,02_079：トルクメニスタン,02_080：ノルウェー,02_082：ハンガリー,02_083：フィンランド,02_084：フランス,02_085：ブルガリア,02_086：ベラルーシ,02_087：ベルギー,02_088：ポーランド,02_089：ボスニア?ヘルツェゴビナ,02_090：ポルトガル,02_091：マルタ,02_092：モナコ,02_093：モルドバ,02_094：モンテネグロ,02_096：ラトビア,02_097：リトアニア,02_098：リヒテンシュタイン,02_099：ルーマニア,02_100：ルクセンブルク,02_101：ロシア,03_102：アルジェリア,03_103：アンゴラ,03_104：ウガンダ,03_105：エジプト,03_106：エスワティニ,03_107：エチオピア,03_108：エリトリア,03_109：ガーナ,03_110：カーボベルデ,03_111：ガボン,03_112：カメルーン,03_113：ガンビア,03_114：ギニア,03_115：ギニアビサウ,03_116：ケニア,03_117：コートジボワール,03_118：コモロ,03_119：コンゴ共和国,03_120：コンゴ民主共和国,03_121：サントメ?プリンシペ,03_122：ザンビア,03_123：シエラレオネ,03_124：ジブチ,03_125：ジンバブエ,03_126：スーダン,03_127：セーシェル,03_128：赤道ギニア,03_129：セネガル,03_130：ソマリア,03_131：タンザニア,03_132：チャド,03_133：中央アフリカ,03_134：チュニジア,03_135：トーゴ,03_136：ナイジェリア,03_137：ナミビア,03_138：ニジェール,03_139：ブルキナファソ,03_140：ブルンジ,03_141：ベナン,03_142：ボツワナ,03_143：マダガスカル,03_144：マラウイ,03_145：マリ,03_146：南アフリカ共和国,03_147：南スーダン共和国,03_148：モーリシャス,03_149：モーリタニア,03_150：モザンビーク,03_151：モロッコ,03_152：リビア,03_153：リベリア,03_154：ルワンダ,03_155：レソト,04_156：アンティグア?バーブーダ,04_157：エルサルバドル,04_158：カナダ,04_159：キューバ,04_160：グアテマラ,04_161：グレナダ,04_162：コスタリカ,04_163：ジャマイカ,04_164：セントクリストファー?ネービス,04_165：セントビンセント,04_166：セントルシア,04_167：ドミニカ,04_168：ドミニカ共和国,04_169：トリニダード?トバゴ,04_170：ニカラグア,04_171：ハイチ,04_172：パナマ,04_173：バハマ,04_174：バルバドス,04_175：米国,04_176：ベリーズ,04_177：ホンジュラス,04_178：メキシコ,05_179：アルゼンチン,05_180：ウルグアイ,05_181：エクアドル,05_182：ガイアナ,05_183：コロンビア,05_184：スリナム,05_185：チリ,05_186：パラグアイ,05_187：ブラジル,05_188：ベネズエラ,05_189：ペルー,05_190：ボリビア,06_191：オーストラリア,06_193：キリバス,06_194：サモア,06_195：ソロモン,06_197：ツバル,06_198：トンガ,06_199：ナウル,06_201：ニュージーランド,06_202：バヌアツ,06_203：パプアニューギニア,06_204：パラオ,06_205：フィジー,06_206：マーシャル,06_207：ミクロネシア,07_000：無国籍,総計
01：北海道,162 ,0 ,0 ,14 ,2 ,23 ,"1,703 ","11,167 ",1 ,0 ,"4,762 ",461 ,686 ,0 ,1 ,4 ,14 ,106 ,687 ,"1,600 ","1,785 ","10,495 ",84 ,"3,020 ",0 ,937 ,1 ,342 ,1 ,"3,822 ",4 ,3 ,"14,035 ",334 ,"5,668 ",9 ,644 ,7 ,37 ,3 ,3 ,66 ,9 ,0 ,1 ,1 ,90 ,54 ,93 ,723 ,11 ,24 ,29 ,14 ,0 ,3 ,45 ,7 ,0 ,0 ,2 ,27 ,41 ,63 ,16 ,9 ,12 ,0 ,0 ,26 ,31 ,176 ,0 ,10 ,30 ,44 ,313 ,8 ,7 ,19 ,51 ,7 ,17 ,1 ,0 ,1 ,0 ,6 ,10 ,0 ,28 ,2 ,552 ,0 ,2 ,28 ,85 ,0 ,23 ,6 ,24 ,1 ,0 ,10 ,1 ,16 ,0 ,32 ,6 ,0 ,0 ,23 ,0 ,46 ,1 ,1 ,59 ,2 ,0 ,0 ,10 ,0 ,7 ,0 ,0 ,3 ,1 ,64 ,4 ,1 ,3 ,0 ,4 ,1 ,10 ,21 ,4 ,86 ,3 ,13 ,0 ,8 ,19 ,0 ,2 ,7 ,1 ,1 ,9 ,396 ,13 ,6 ,0 ,3 ,27 ,1 ,0 ,0 ,1 ,7 ,4 ,1 ,1 ,8 ,0 ,2 ,"1,639 ",1 ,6 ,75 ,71 ,5 ,13 ,0 ,25 ,0 ,40 ,18 ,203 ,31 ,68 ,12 ,777 ,0 ,4 ,0 ,0 ,2 ,0 ,192 ,2 ,2 ,0 ,6 ,0 ,0 ,4 ,"69,620 "
02：青森県,30 ,0 ,0 ,0 ,0 ,5 ,63 ,"1,225 ",0 ,0 ,670 ,50 ,226 ,0 ,0 ,0 ,0 ,3 ,48 ,165 ,78 ,"1,035 ",3 ,253 ,0 ,130 ,0 ,20 ,0 ,"1,048 ",0 ,0 ,"2,399 ",26 ,616 ,0 ,60 ,0 ,27 ,0 ,0 ,3 ,0 ,0 ,0 ,0 ,17 ,2 ,0 ,34 ,0 ,0 ,1 ,0 ,0 ,1 ,1 ,0 ,0 ,0 ,0 ,0 ,1 ,10 ,1 ,0 ,1 ,0 ,0 ,1 ,2 ,9 ,0 ,1 ,3 ,0 ,39 ,1 ,0 ,1 ,2 ,0 ,1 ,0 ,0 ,0 ,0 ,0 ,0 ,0 ,15 ,1 ,16 ,0 ,0 ,0 ,1 ,0 ,0 ,0 ,1 ,0 ,0 ,0 ,0 ,0 ,0 ,3 ,0 ,0 ,0 ,1 ,0 ,0 ,1 ,0 ,1 ,0 ,0 ,0 ,1 ,0 ,0 ,0 ,0 ,1 ,0 ,3 ,0 ,0 ,1 ,0 ,0 ,0 ,1 ,1 ,0 ,7 ,0 ,1 ,0 ,0 ,1 ,0 ,0 ,0 ,0 ,0 ,1 ,39 ,0 ,0 ,0 ,1 ,7 ,0 ,0 ,0 ,0 ,0 ,3 ,1 ,0 ,0 ,0 ,0 ,425 ,0 ,0 ,8 ,5 ,0 ,0 ,0 ,5 ,0 ,1 ,0 ,36 ,0 ,11 ,1 ,19 ,0 ,0 ,0 ,0 ,3 ,0 ,11 ,0 ,0 ,0 ,3 ,0 ,0 ,0 ,"8,949 "
03：岩手県,10 ,0 ,0 ,0 ,0 ,2 ,119 ,"1,699 ",0 ,0 ,664 ,70 ,206 ,0 ,0 ,0 ,10 ,3 ,27 ,252 ,122 ,"1,571 ",0 ,443 ,0 ,105 ,0 ,162 ,0 ,"1,620 ",0 ,0 ,"2,919 ",35 ,816 ,0 ,99 ,1 ,18 ,0 ,0 ,6 ,0 ,0 ,0 ,0 ,2 ,7 ,9 ,129 ,0 ,4 ,6 ,0 ,0 ,0 ,2 ,0 ,0 ,0 ,0 ,5 ,5 ,2 ,0 ,0 ,1 ,0 ,0 ,1 ,2 ,13 ,0 ,0 ,0 ,1 ,21 ,0 ,1 ,1 ,4 ,0 ,2 ,0 ,0 ,0 ,0 ,0 ,0 ,0 ,7 ,0 ,13 ,2 ,0 ,0 ,5 ,0 ,2 ,0 ,1 ,0 ,0 ,4 ,0 ,0 ,0 ,2 ,0 ,0 ,0 ,0 ,0 ,0 ,0 ,0 ,0 ,0 ,0 ,0 ,0 ,0 ,0 ,0 ,0 ,1 ,0 ,5 ,1 ,1 ,0 ,0 ,0 ,0 ,1 ,0 ,0 ,12 ,0 ,0 ,0 ,0 ,1 ,0 ,0 ,0 ,0 ,0 ,0 ,56 ,0 ,0 ,0 ,0 ,4 ,0 ,0 ,0 ,0 ,3 ,0 ,0 ,0 ,0 ,0 ,0 ,240 ,0 ,2 ,8 ,7 ,0 ,1 ,0 ,4 ,0 ,1 ,3 ,102 ,0 ,20 ,0 ,40 ,0 ,0 ,0 ,0 ,2 ,0 ,27 ,0 ,0 ,0 ,0 ,0 ,0 ,0 ,"11,775 "
04：宮城県,47 ,1 ,1 ,6 ,2 ,25 ,312 ,"3,148 ",0 ,0 ,"2,980 ",207 ,237 ,2 ,1 ,2 ,52 ,36 ,863 ,443 ,518 ,"5,735 ",39 ,"3,561 ",0 ,556 ,2 ,588 ,0 ,"1,811 ",27 ,0 ,"5,078 ",86 ,"1,925 ",2 ,165 ,2 ,19 ,0 ,1 ,15 ,2 ,1 ,0 ,0 ,48 ,43 ,7 ,146 ,7 ,6 ,26 ,3 ,3 ,2 ,1 ,3 ,1 ,0 ,0 ,10 ,23 ,41 ,7 ,0 ,1 ,0 ,0 ,7 ,1 ,86 ,0 ,0 ,7 ,13 ,163 ,1 ,4 ,13 ,16 ,0 ,8 ,1 ,0 ,2 ,1 ,4 ,5 ,0 ,15 ,0 ,115 ,3 ,0 ,5 ,33 ,0 ,10 ,0 ,19 ,1 ,0 ,5 ,1 ,2 ,0 ,19 ,0 ,0 ,0 ,6 ,0 ,12 ,0 ,0 ,15 ,9 ,0 ,0 ,7 ,0 ,5 ,0 ,0 ,5 ,0 ,32 ,1 ,0 ,1 ,0 ,4 ,2 ,2 ,2 ,2 ,32 ,0 ,0 ,1 ,1 ,7 ,0 ,2 ,0 ,0 ,0 ,2 ,146 ,4 ,2 ,0 ,9 ,14 ,0 ,0 ,0 ,0 ,4 ,2 ,3 ,1 ,0 ,1 ,0 ,812 ,0 ,1 ,29 ,14 ,1 ,3 ,0 ,12 ,0 ,23 ,3 ,184 ,8 ,35 ,7 ,104 ,2 ,1 ,3 ,0 ,2 ,0 ,19 ,0 ,1 ,0 ,1 ,1 ,0 ,3 ,"31,041 "
05：秋田県,19 ,1 ,0 ,4 ,0 ,7 ,50 ,567 ,0 ,0 ,480 ,38 ,101 ,0 ,0 ,0 ,3 ,13 ,125 ,99 ,53 ,955 ,1 ,179 ,0 ,66 ,0 ,15 ,0 ,"1,012 ",0 ,3 ,"1,099 ",49 ,365 ,0 ,91 ,0 ,8 ,0 ,2 ,9 ,0 ,0 ,0 ,0 ,12 ,6 ,16 ,57 ,2 ,2 ,6 ,5 ,0 ,1 ,0 ,1 ,1 ,0 ,0 ,0 ,0 ,5 ,1 ,1 ,1 ,0 ,12 ,1 ,4 ,18 ,0 ,2 ,1 ,4 ,23 ,0 ,1 ,3 ,7 ,0 ,1 ,0 ,0 ,0 ,0 ,0 ,3 ,0 ,8 ,1 ,24 ,0 ,0 ,3 ,5 ,0 ,0 ,0 ,2 ,0 ,0 ,0 ,0 ,0 ,0 ,2 ,1 ,0 ,0 ,2 ,0 ,1 ,0 ,1 ,3 ,1 ,0 ,0 ,3 ,0 ,3 ,0 ,0 ,0 ,0 ,2 ,2 ,0 ,0 ,0 ,1 ,8 ,5 ,1 ,1 ,10 ,0 ,1 ,1 ,4 ,2 ,0 ,1 ,1 ,0 ,0 ,0 ,31 ,0 ,1 ,0 ,0 ,1 ,0 ,0 ,2 ,0 ,0 ,3 ,1 ,0 ,0 ,0 ,0 ,254 ,0 ,0 ,7 ,1 ,0 ,2 ,0 ,1 ,0 ,4 ,0 ,15 ,0 ,7 ,0 ,34 ,0 ,0 ,0 ,0 ,2 ,0 ,9 ,0 ,4 ,0 ,5 ,0 ,0 ,2 ,"6,097 "
06：山形県,0 ,0 ,0 ,3 ,0 ,1 ,69 ,718 ,0 ,0 ,"1,351 ",28 ,168 ,0 ,0 ,1 ,2 ,9 ,19 ,216 ,138 ,"1,896 ",5 ,307 ,0 ,100 ,0 ,98 ,0 ,"1,117 ",0 ,0 ,"3,017 ",39 ,655 ,0 ,92 ,0 ,40 ,0 ,0 ,13 ,0 ,0 ,0 ,0 ,8 ,8 ,7 ,52 ,1 ,0 ,7 ,1 ,0 ,2 ,0 ,0 ,0 ,0 ,1 ,1 ,2 ,8 ,1 ,0 ,1 ,0 ,0 ,0 ,2 ,21 ,0 ,0 ,5 ,1 ,14 ,2 ,0 ,3 ,0 ,0 ,1 ,0 ,0 ,0 ,0 ,0 ,2 ,0 ,11 ,0 ,14 ,0 ,0 ,4 ,7 ,0 ,5 ,0 ,3 ,0 ,0 ,5 ,0 ,0 ,0 ,6 ,0 ,0 ,0 ,0 ,0 ,1 ,0 ,0 ,0 ,0 ,0 ,0 ,0 ,1 ,3 ,0 ,0 ,1 ,0 ,19 ,1 ,0 ,0 ,0 ,1 ,0 ,0 ,1 ,2 ,6 ,0 ,1 ,0 ,2 ,0 ,0 ,0 ,3 ,0 ,0 ,0 ,31 ,1 ,0 ,0 ,0 ,2 ,0 ,0 ,0 ,0 ,0 ,1 ,0 ,0 ,0 ,0 ,0 ,222 ,1 ,0 ,3 ,3 ,0 ,0 ,0 ,2 ,0 ,1 ,3 ,85 ,0 ,14 ,4 ,18 ,0 ,1 ,0 ,0 ,0 ,0 ,10 ,0 ,0 ,0 ,0 ,0 ,0 ,1 ,"10,753 "
07：福島県,36 ,0 ,0 ,2 ,1 ,11 ,251 ,"1,914 ",0 ,0 ,"1,254 ",148 ,222 ,0 ,0 ,0 ,3 ,7 ,277 ,392 ,142 ,"3,127 ",15 ,"1,432 ",0 ,268 ,0 ,172 ,1 ,"3,246 ",29 ,2 ,"5,153 ",63 ,"1,146 ",0 ,124 ,0 ,32 ,1 ,1 ,7 ,0 ,0 ,0 ,0 ,16 ,21 ,5 ,100 ,1 ,1 ,6 ,3 ,0 ,0 ,2 ,0 ,0 ,0 ,0 ,3 ,1 ,7 ,1 ,0 ,2 ,0 ,0 ,1 ,2 ,23 ,0 ,2 ,6 ,0 ,22 ,2 ,6 ,1 ,7 ,0 ,1 ,0 ,0 ,0 ,0 ,1 ,2 ,0 ,5 ,0 ,44 ,1 ,0 ,0 ,5 ,0 ,5 ,0 ,13 ,0 ,0 ,7 ,1 ,0 ,0 ,5 ,1 ,0 ,0 ,5 ,0 ,0 ,0 ,0 ,2 ,1 ,0 ,0 ,1 ,0 ,3 ,0 ,0 ,10 ,0 ,23 ,1 ,0 ,3 ,0 ,1 ,0 ,0 ,1 ,0 ,14 ,1 ,0 ,0 ,0 ,0 ,0 ,0 ,1 ,0 ,0 ,1 ,83 ,1 ,0 ,0 ,4 ,11 ,0 ,0 ,0 ,0 ,0 ,3 ,2 ,0 ,0 ,0 ,1 ,299 ,0 ,0 ,12 ,13 ,0 ,2 ,0 ,10 ,0 ,2 ,10 ,204 ,12 ,50 ,12 ,63 ,0 ,0 ,0 ,0 ,0 ,0 ,31 ,0 ,0 ,0 ,4 ,0 ,0 ,0 ,"20,708 "
08：茨城県,642 ,0 ,8 ,10 ,55 ,205 ,"2,506 ","11,381 ",0 ,1 ,"4,056 ",261 ,"1,521 ",3 ,1 ,3 ,53 ,43 ,"6,281 ","5,679 ","1,403 ","13,040 ",47 ,"4,842 ",0 ,"3,750 ",7 ,"1,739 ",3 ,"12,109 ",4 ,4 ,"20,704 ",261 ,"3,072 ",4 ,569 ,13 ,456 ,7 ,1 ,19 ,11 ,0 ,1 ,0 ,54 ,90 ,143 ,231 ,5 ,8 ,24 ,52 ,0 ,9 ,47 ,4 ,0 ,0 ,3 ,18 ,15 ,52 ,10 ,4 ,14 ,0 ,27 ,8 ,8 ,106 ,7 ,5 ,20 ,10 ,222 ,4 ,10 ,13 ,30 ,0 ,8 ,2 ,0 ,5 ,0 ,2 ,10 ,0 ,41 ,0 ,267 ,11 ,1 ,47 ,173 ,0 ,19 ,5 ,105 ,0 ,0 ,69 ,8 ,13 ,0 ,37 ,0 ,0 ,1 ,6 ,0 ,14 ,3 ,0 ,15 ,13 ,0 ,0 ,17 ,1 ,5 ,0 ,0 ,25 ,0 ,146 ,2 ,0 ,1 ,1 ,3 ,3 ,12 ,8 ,6 ,48 ,3 ,0 ,1 ,14 ,17 ,2 ,11 ,5 ,1 ,0 ,9 ,181 ,6 ,5 ,0 ,5 ,45 ,0 ,0 ,0 ,0 ,17 ,9 ,10 ,0 ,4 ,0 ,0 ,926 ,0 ,5 ,76 ,57 ,2 ,1 ,1 ,85 ,0 ,18 ,26 ,"5,764 ",57 ,"1,612 ",126 ,131 ,0 ,3 ,2 ,0 ,2 ,0 ,38 ,2 ,8 ,0 ,10 ,0 ,1 ,11 ,"106,490 "
09：栃木県,190 ,0 ,4 ,10 ,0 ,142 ,"1,438 ","4,504 ",0 ,1 ,"2,202 ",152 ,471 ,0 ,0 ,1 ,12 ,10 ,"3,594 ","2,183 ",991 ,"6,509 ",30 ,"4,736 ",0 ,"2,276 ",0 ,834 ,1 ,"5,654 ",33 ,0 ,"12,015 ",199 ,"2,023 ",0 ,303 ,5 ,60 ,2 ,0 ,6 ,4 ,0 ,1 ,0 ,24 ,16 ,39 ,138 ,4 ,9 ,10 ,1 ,0 ,0 ,16 ,1 ,0 ,0 ,0 ,5 ,7 ,18 ,0 ,0 ,0 ,0 ,0 ,3 ,2 ,48 ,2 ,0 ,6 ,3 ,40 ,1 ,2 ,5 ,14 ,0 ,2 ,0 ,0 ,1 ,0 ,0 ,5 ,0 ,39 ,0 ,76 ,6 ,0 ,6 ,9 ,1 ,4 ,0 ,22 ,0 ,0 ,35 ,0 ,9 ,0 ,18 ,2 ,0 ,0 ,36 ,0 ,6 ,0 ,0 ,10 ,2 ,0 ,0 ,2 ,0 ,6 ,0 ,0 ,11 ,2 ,50 ,1 ,0 ,0 ,0 ,1 ,3 ,2 ,5 ,2 ,22 ,0 ,0 ,0 ,12 ,8 ,0 ,3 ,5 ,0 ,0 ,2 ,76 ,4 ,3 ,0 ,2 ,15 ,0 ,0 ,0 ,0 ,13 ,5 ,1 ,0 ,0 ,0 ,0 ,496 ,0 ,3 ,33 ,119 ,0 ,1 ,0 ,40 ,0 ,8 ,88 ,"3,835 ",23 ,"3,139 ",371 ,55 ,0 ,1 ,0 ,0 ,0 ,0 ,21 ,0 ,0 ,1 ,12 ,0 ,0 ,8 ,"59,809 "
10：群馬県,58 ,0 ,4 ,5 ,1 ,172 ,"1,823 ","7,389 ",0 ,0 ,"2,014 ",264 ,535 ,1 ,0 ,1 ,8 ,20 ,"2,342 ","1,446 ",455 ,"6,890 ",127 ,"6,938 ",0 ,"1,634 ",1 ,"2,339 ",0 ,"9,697 ",1 ,1 ,"16,457 ",103 ,"3,836 ",0 ,447 ,1 ,164 ,7 ,0 ,16 ,3 ,1 ,0 ,0 ,22 ,34 ,45 ,136 ,1 ,6 ,2 ,4 ,0 ,2 ,29 ,0 ,0 ,0 ,0 ,7 ,7 ,17 ,2 ,1 ,4 ,0 ,0 ,2 ,1 ,28 ,0 ,0 ,10 ,4 ,44 ,7 ,2 ,0 ,16 ,0 ,9 ,0 ,0 ,3 ,0 ,0 ,3 ,0 ,76 ,0 ,75 ,3 ,0 ,8 ,32 ,0 ,2 ,0 ,25 ,0 ,0 ,32 ,0 ,30 ,0 ,10 ,0 ,0 ,0 ,4 ,0 ,0 ,0 ,0 ,12 ,1 ,0 ,0 ,3 ,0 ,3 ,0 ,0 ,11 ,0 ,38 ,0 ,0 ,2 ,1 ,0 ,0 ,0 ,7 ,45 ,18 ,0 ,0 ,0 ,0 ,6 ,0 ,0 ,0 ,0 ,0 ,1 ,95 ,7 ,0 ,0 ,7 ,10 ,0 ,0 ,0 ,1 ,15 ,4 ,1 ,8 ,2 ,1 ,0 ,570 ,0 ,2 ,39 ,167 ,5 ,2 ,0 ,62 ,0 ,47 ,254 ,"14,127 ",8 ,"4,922 ",673 ,99 ,0 ,0 ,0 ,0 ,6 ,0 ,42 ,0 ,1 ,0 ,0 ,0 ,0 ,28 ,"87,299 "
11：埼玉県,286 ,1 ,59 ,31 ,19 ,518 ,"2,742 ","12,652 ",0 ,0 ,"15,720 ","1,191 ","1,199 ",0 ,0 ,6 ,57 ,146 ,"4,524 ","4,290 ","3,413 ","87,047 ","2,394 ","18,449 ",0 ,"4,287 ",8 ,"5,571 ",1 ,"25,647 ",6 ,0 ,"50,331 ",676 ,"9,682 ",1 ,"2,737 ",23 ,230 ,4 ,1 ,59 ,15 ,4 ,13 ,0 ,176 ,158 ,499 ,763 ,9 ,25 ,41 ,38 ,3 ,13 ,60 ,7 ,0 ,0 ,1 ,26 ,74 ,168 ,15 ,3 ,7 ,0 ,24 ,17 ,48 ,301 ,10 ,25 ,39 ,22 ,500 ,10 ,15 ,30 ,114 ,2 ,20 ,0 ,0 ,9 ,1 ,7 ,19 ,0 ,109 ,2 ,555 ,20 ,14 ,113 ,166 ,0 ,59 ,8 ,669 ,0 ,1 ,646 ,87 ,133 ,1 ,70 ,14 ,0 ,4 ,111 ,0 ,16 ,15 ,0 ,71 ,31 ,0 ,0 ,278 ,3 ,20 ,0 ,2 ,115 ,7 ,818 ,5 ,4 ,28 ,1 ,23 ,9 ,8 ,13 ,39 ,78 ,2 ,6 ,3 ,2 ,56 ,2 ,40 ,3 ,1 ,0 ,14 ,480 ,22 ,10 ,0 ,15 ,54 ,1 ,1 ,1 ,1 ,42 ,7 ,5 ,0 ,4 ,0 ,0 ,"2,340 ",0 ,10 ,176 ,215 ,7 ,16 ,0 ,197 ,1 ,65 ,235 ,"7,192 ",26 ,"3,344 ",243 ,373 ,0 ,5 ,3 ,0 ,10 ,0 ,197 ,2 ,4 ,2 ,23 ,1 ,2 ,43 ,"277,209 "
12：千葉県,"2,831 ",0 ,24 ,21 ,6 ,480 ,"2,908 ","12,229 ",1 ,1 ,"15,760 ",577 ,"1,443 ",3 ,1 ,8 ,101 ,186 ,"13,146 ","7,311 ","4,258 ","63,163 ",221 ,"23,221 ",0 ,"2,702 ",12 ,"2,395 ",0 ,"23,951 ",50 ,1 ,"39,806 ",918 ,"7,702 ",6 ,"2,749 ",11 ,184 ,0 ,2 ,61 ,7 ,8 ,1 ,0 ,174 ,275 ,598 ,"1,018 ",11 ,22 ,57 ,35 ,1 ,10 ,71 ,7 ,0 ,0 ,3 ,41 ,76 ,177 ,12 ,5 ,8 ,0 ,42 ,22 ,22 ,239 ,2 ,17 ,45 ,40 ,509 ,15 ,25 ,44 ,70 ,2 ,46 ,0 ,0 ,7 ,0 ,7 ,29 ,1 ,118 ,2 ,877 ,10 ,3 ,255 ,116 ,0 ,45 ,2 ,427 ,2 ,0 ,243 ,13 ,29 ,1 ,109 ,14 ,1 ,3 ,111 ,0 ,27 ,8 ,0 ,45 ,64 ,0 ,0 ,78 ,1 ,47 ,0 ,0 ,55 ,3 ,468 ,4 ,1 ,14 ,0 ,22 ,1 ,17 ,9 ,10 ,118 ,2 ,15 ,0 ,6 ,39 ,2 ,7 ,12 ,2 ,2 ,10 ,612 ,9 ,12 ,0 ,17 ,57 ,2 ,0 ,0 ,5 ,38 ,5 ,6 ,3 ,7 ,2 ,2 ,"2,758 ",0 ,15 ,342 ,137 ,7 ,10 ,0 ,264 ,0 ,107 ,71 ,"3,656 ",57 ,"2,691 ",190 ,460 ,2 ,8 ,2 ,0 ,18 ,0 ,194 ,1 ,4 ,5 ,39 ,0 ,2 ,42 ,"247,580 "
13：東京都,230 ,39 ,80 ,419 ,28 ,"1,123 ","20,642 ","14,439 ",14 ,15 ,"93,466 ","4,185 ","1,219 ",50 ,22 ,132 ,155 ,"1,848 ","5,759 ","9,517 ","24,796 ","294,826 ","1,374 ","58,693 ",7 ,"1,856 ",25 ,"8,994 ",9 ,"38,016 ",35 ,30 ,"57,267 ","3,761 ","35,585 ",18 ,"5,608 ",55 ,330 ,48 ,44 ,491 ,81 ,26 ,32 ,2 ,"2,644 ","1,321 ","3,664 ","7,596 ",60 ,347 ,726 ,368 ,23 ,118 ,129 ,53 ,6 ,1 ,43 ,583 ,852 ,"1,741 ",92 ,45 ,101 ,1 ,97 ,169 ,363 ,"3,390 ",30 ,223 ,278 ,363 ,"8,578 ",181 ,174 ,485 ,733 ,20 ,330 ,17 ,0 ,44 ,4 ,49 ,141 ,9 ,568 ,37 ,"4,062 ",127 ,23 ,152 ,475 ,1 ,347 ,12 ,660 ,2 ,8 ,271 ,26 ,310 ,2 ,186 ,49 ,1 ,12 ,220 ,0 ,28 ,41 ,6 ,94 ,50 ,3 ,1 ,260 ,6 ,93 ,0 ,9 ,311 ,12 ,759 ,10 ,2 ,57 ,15 ,40 ,11 ,37 ,38 ,62 ,316 ,11 ,22 ,6 ,24 ,257 ,9 ,17 ,32 ,11 ,7 ,39 ,"4,306 ",88 ,45 ,5 ,70 ,122 ,23 ,0 ,4 ,7 ,54 ,36 ,14 ,6 ,45 ,4 ,7 ,"23,251 ",6 ,37 ,"1,128 ",615 ,29 ,69 ,2 ,647 ,5 ,476 ,86 ,"4,677 ",105 ,"2,315 ",141 ,"3,787 ",0 ,8 ,5 ,0 ,27 ,0 ,"1,067 ",44 ,13 ,4 ,57 ,3 ,13 ,57 ,"775,340 "
14：神奈川県,106 ,21 ,25 ,53 ,20 ,623 ,"8,056 ","12,216 ",1 ,1 ,"27,572 ","1,258 ","2,983 ",4 ,1 ,34 ,55 ,368 ,"8,456 ","5,187 ","6,472 ","84,236 ",373 ,"17,951 ",2 ,"1,765 ",10 ,"2,752 ",5 ,"27,814 ",24 ,6 ,"43,152 ","1,501 ","8,078 ",5 ,"1,983 ",22 ,"1,210 ",11 ,6 ,122 ,15 ,10 ,4 ,0 ,528 ,406 ,467 ,"1,948 ",21 ,85 ,151 ,82 ,3 ,46 ,83 ,26 ,2 ,2 ,6 ,160 ,210 ,376 ,33 ,12 ,22 ,0 ,12 ,48 ,62 ,"1,304 ",10 ,67 ,100 ,78 ,"1,404 ",52 ,53 ,113 ,203 ,7 ,77 ,2 ,0 ,21 ,0 ,14 ,33 ,0 ,249 ,7 ,"1,300 ",37 ,8 ,76 ,154 ,4 ,79 ,5 ,487 ,2 ,2 ,113 ,11 ,49 ,0 ,100 ,34 ,0 ,5 ,82 ,1 ,13 ,8 ,0 ,105 ,30 ,1 ,0 ,241 ,8 ,224 ,0 ,3 ,113 ,6 ,661 ,2 ,0 ,30 ,1 ,29 ,10 ,15 ,25 ,79 ,154 ,11 ,17 ,3 ,13 ,90 ,2 ,3 ,17 ,1 ,0 ,22 ,"1,090 ",26 ,24 ,1 ,34 ,138 ,2 ,1 ,1 ,1 ,197 ,22 ,18 ,6 ,10 ,4 ,3 ,"7,135 ",2 ,14 ,402 ,750 ,10 ,46 ,2 ,346 ,0 ,103 ,281 ,"9,464 ",38 ,"6,454 ",850 ,852 ,0 ,4 ,4 ,0 ,17 ,0 ,256 ,9 ,4 ,4 ,29 ,0 ,8 ,61 ,"306,363 "
15：新潟県,27 ,0 ,0 ,4 ,0 ,15 ,180 ,"2,359 ",0 ,1 ,"1,546 ",96 ,166 ,0 ,0 ,0 ,5 ,42 ,440 ,472 ,315 ,"4,570 ",24 ,"1,363 ",0 ,455 ,0 ,168 ,7 ,"3,402 ",7 ,2 ,"5,218 ",112 ,"1,203 ",1 ,343 ,1 ,39 ,0 ,0 ,7 ,5 ,1 ,2 ,0 ,27 ,16 ,37 ,142 ,0 ,2 ,11 ,15 ,0 ,1 ,27 ,0 ,0 ,0 ,0 ,7 ,12 ,17 ,1 ,1 ,2 ,0 ,19 ,4 ,4 ,41 ,0 ,2 ,6 ,0 ,68 ,1 ,0 ,3 ,7 ,0 ,1 ,0 ,0 ,0 ,0 ,0 ,8 ,0 ,21 ,0 ,203 ,3 ,0 ,6 ,13 ,0 ,7 ,0 ,22 ,0 ,2 ,2 ,5 ,0 ,0 ,24 ,4 ,0 ,0 ,3 ,0 ,1 ,6 ,1 ,1 ,0 ,0 ,0 ,24 ,2 ,9 ,1 ,0 ,2 ,4 ,27 ,3 ,0 ,0 ,1 ,4 ,1 ,4 ,6 ,3 ,15 ,1 ,1 ,1 ,3 ,3 ,4 ,3 ,1 ,0 ,0 ,5 ,68 ,0 ,2 ,0 ,6 ,3 ,0 ,0 ,0 ,0 ,0 ,4 ,0 ,0 ,3 ,1 ,0 ,393 ,0 ,1 ,47 ,12 ,0 ,2 ,0 ,8 ,0 ,7 ,7 ,296 ,7 ,59 ,6 ,200 ,0 ,0 ,3 ,0 ,5 ,0 ,46 ,3 ,9 ,0 ,3 ,0 ,2 ,2 ,"24,737 "
16：富山県,5 ,0 ,1 ,3 ,0 ,7 ,285 ,"2,892 ",0 ,0 ,794 ,77 ,287 ,0 ,0 ,1 ,8 ,5 ,86 ,247 ,187 ,"4,336 ",12 ,505 ,0 ,867 ,6 ,183 ,1 ,"2,983 ",0 ,1 ,"5,946 ",83 ,905 ,0 ,173 ,2 ,55 ,0 ,0 ,3 ,0 ,0 ,0 ,0 ,7 ,36 ,41 ,48 ,1 ,1 ,7 ,6 ,0 ,0 ,12 ,0 ,0 ,0 ,3 ,3 ,1 ,5 ,2 ,0 ,2 ,0 ,17 ,6 ,1 ,11 ,0 ,2 ,2 ,3 ,24 ,3 ,2 ,2 ,2 ,0 ,2 ,0 ,0 ,8 ,0 ,1 ,0 ,0 ,30 ,0 ,725 ,0 ,1 ,0 ,16 ,0 ,0 ,0 ,3 ,0 ,1 ,11 ,0 ,1 ,0 ,3 ,0 ,0 ,0 ,3 ,0 ,3 ,0 ,0 ,1 ,0 ,0 ,0 ,0 ,0 ,5 ,0 ,0 ,1 ,1 ,5 ,0 ,0 ,0 ,0 ,2 ,0 ,0 ,0 ,0 ,5 ,0 ,0 ,0 ,2 ,1 ,1 ,0 ,0 ,0 ,0 ,0 ,34 ,0 ,0 ,0 ,1 ,11 ,0 ,0 ,0 ,0 ,2 ,2 ,1 ,1 ,0 ,1 ,0 ,261 ,0 ,0 ,10 ,6 ,1 ,1 ,0 ,2 ,0 ,3 ,126 ,"2,686 ",0 ,60 ,41 ,24 ,0 ,1 ,0 ,0 ,0 ,0 ,6 ,0 ,1 ,0 ,1 ,0 ,0 ,0 ,"25,311 "
17：石川県,12 ,0 ,0 ,5 ,0 ,5 ,215 ,"2,410 ",0 ,0 ,"1,167 ",143 ,186 ,0 ,0 ,0 ,8 ,7 ,146 ,403 ,228 ,"3,913 ",19 ,841 ,0 ,64 ,1 ,291 ,0 ,"1,721 ",0 ,2 ,"5,867 ",48 ,"1,487 ",0 ,120 ,2 ,13 ,0 ,0 ,11 ,0 ,0 ,0 ,0 ,27 ,18 ,12 ,96 ,0 ,4 ,18 ,0 ,1 ,1 ,1 ,0 ,0 ,0 ,0 ,1 ,4 ,17 ,7 ,0 ,1 ,0 ,0 ,7 ,20 ,44 ,0 ,3 ,6 ,2 ,63 ,5 ,1 ,12 ,10 ,1 ,6 ,0 ,0 ,1 ,0 ,1 ,3 ,0 ,20 ,0 ,84 ,2 ,1 ,2 ,28 ,0 ,1 ,7 ,1 ,0 ,0 ,1 ,1 ,0 ,2 ,3 ,0 ,0 ,0 ,10 ,0 ,2 ,0 ,0 ,4 ,0 ,0 ,0 ,1 ,0 ,1 ,0 ,0 ,3 ,0 ,20 ,1 ,0 ,0 ,0 ,1 ,0 ,3 ,1 ,1 ,7 ,1 ,0 ,2 ,0 ,6 ,0 ,0 ,0 ,0 ,0 ,2 ,52 ,2 ,3 ,0 ,0 ,6 ,0 ,0 ,0 ,0 ,2 ,2 ,2 ,0 ,1 ,0 ,0 ,341 ,0 ,1 ,6 ,4 ,3 ,1 ,1 ,4 ,0 ,2 ,13 ,"1,715 ",5 ,98 ,17 ,50 ,0 ,0 ,0 ,0 ,1 ,0 ,14 ,0 ,0 ,0 ,1 ,0 ,0 ,0 ,"22,294 "
18：福井県,10 ,0 ,0 ,1 ,0 ,4 ,55 ,"1,564 ",0 ,0 ,"1,730 ",204 ,357 ,0 ,0 ,0 ,0 ,2 ,83 ,471 ,116 ,"1,965 ",1 ,541 ,0 ,35 ,0 ,186 ,0 ,"2,399 ",1 ,0 ,"4,085 ",64 ,"1,091 ",1 ,54 ,0 ,19 ,0 ,0 ,6 ,0 ,0 ,0 ,0 ,20 ,18 ,13 ,29 ,1 ,2 ,2 ,1 ,0 ,0 ,1 ,0 ,0 ,0 ,1 ,1 ,3 ,2 ,2 ,1 ,0 ,0 ,0 ,1 ,0 ,5 ,1 ,1 ,0 ,1 ,24 ,0 ,1 ,1 ,3 ,0 ,2 ,0 ,0 ,1 ,0 ,0 ,0 ,0 ,4 ,0 ,70 ,2 ,1 ,0 ,3 ,0 ,1 ,0 ,0 ,0 ,0 ,1 ,3 ,1 ,0 ,1 ,0 ,0 ,0 ,2 ,0 ,0 ,0 ,0 ,1 ,2 ,0 ,0 ,2 ,0 ,0 ,0 ,0 ,1 ,0 ,6 ,0 ,0 ,1 ,0 ,0 ,1 ,0 ,1 ,0 ,15 ,0 ,0 ,0 ,0 ,1 ,0 ,0 ,0 ,0 ,0 ,0 ,25 ,0 ,0 ,0 ,0 ,3 ,0 ,0 ,0 ,0 ,0 ,2 ,1 ,0 ,1 ,0 ,0 ,222 ,0 ,0 ,1 ,2 ,0 ,0 ,0 ,2 ,0 ,2 ,2 ,"5,128 ",0 ,63 ,0 ,13 ,0 ,0 ,0 ,0 ,0 ,0 ,6 ,0 ,0 ,0 ,3 ,0 ,0 ,4 ,"20,783 "
19：山梨県,2 ,0 ,1 ,4 ,0 ,52 ,459 ,"1,228 ",0 ,0 ,"1,624 ",33 ,120 ,1 ,0 ,0 ,1 ,28 ,245 ,708 ,582 ,"4,627 ",19 ,"1,195 ",0 ,117 ,1 ,124 ,0 ,"2,460 ",1 ,1 ,"4,793 ",94 ,863 ,0 ,236 ,1 ,16 ,0 ,0 ,7 ,0 ,0 ,1 ,0 ,23 ,30 ,5 ,106 ,4 ,4 ,7 ,7 ,0 ,0 ,5 ,2 ,0 ,0 ,0 ,6 ,10 ,20 ,3 ,0 ,3 ,0 ,0 ,5 ,11 ,35 ,1 ,2 ,1 ,4 ,58 ,6 ,2 ,11 ,15 ,0 ,12 ,0 ,0 ,0 ,0 ,1 ,1 ,0 ,9 ,1 ,65 ,0 ,0 ,1 ,12 ,0 ,1 ,0 ,13 ,0 ,0 ,7 ,1 ,2 ,0 ,9 ,0 ,0 ,0 ,1 ,0 ,2 ,0 ,0 ,2 ,0 ,0 ,0 ,30 ,1 ,0 ,0 ,0 ,1 ,0 ,19 ,0 ,0 ,1 ,0 ,1 ,1 ,1 ,2 ,2 ,14 ,4 ,1 ,0 ,1 ,6 ,0 ,0 ,0 ,2 ,0 ,5 ,65 ,1 ,0 ,0 ,1 ,6 ,0 ,0 ,0 ,0 ,1 ,3 ,0 ,0 ,2 ,0 ,0 ,380 ,0 ,4 ,17 ,11 ,0 ,0 ,0 ,22 ,1 ,4 ,17 ,"2,803 ",11 ,658 ,35 ,56 ,0 ,0 ,0 ,0 ,10 ,0 ,15 ,0 ,0 ,0 ,5 ,0 ,0 ,2 ,"24,392 "
20：長野県,3 ,0 ,0 ,6 ,3 ,51 ,181 ,"4,926 ",2 ,0 ,"3,051 ",245 ,344 ,0 ,0 ,2 ,3 ,38 ,596 ,"2,789 ",831 ,"8,523 ",18 ,"2,002 ",0 ,488 ,1 ,194 ,0 ,"5,760 ",15 ,0 ,"7,581 ",159 ,"1,500 ",0 ,158 ,5 ,32 ,0 ,0 ,11 ,1 ,1 ,2 ,1 ,38 ,13 ,26 ,377 ,4 ,14 ,40 ,3 ,1 ,3 ,7 ,3 ,0 ,0 ,0 ,18 ,34 ,46 ,7 ,1 ,2 ,0 ,0 ,8 ,17 ,100 ,0 ,8 ,8 ,12 ,187 ,4 ,3 ,16 ,23 ,0 ,6 ,2 ,0 ,0 ,0 ,6 ,5 ,0 ,11 ,0 ,80 ,3 ,1 ,6 ,10 ,0 ,5 ,0 ,2 ,0 ,0 ,21 ,1 ,4 ,0 ,3 ,0 ,0 ,0 ,4 ,0 ,1 ,0 ,1 ,15 ,0 ,0 ,0 ,3 ,0 ,0 ,0 ,1 ,5 ,1 ,13 ,0 ,1 ,1 ,0 ,3 ,1 ,1 ,2 ,0 ,20 ,0 ,1 ,1 ,0 ,5 ,0 ,0 ,2 ,1 ,0 ,1 ,223 ,1 ,2 ,0 ,1 ,7 ,0 ,0 ,0 ,0 ,5 ,2 ,0 ,1 ,0 ,0 ,0 ,827 ,0 ,1 ,36 ,46 ,1 ,6 ,0 ,23 ,0 ,18 ,151 ,"4,653 ",6 ,443 ,174 ,763 ,0 ,0 ,0 ,0 ,0 ,0 ,93 ,0 ,0 ,0 ,6 ,1 ,0 ,2 ,"48,288 "
21：岐阜県,37 ,0 ,0 ,7 ,0 ,26 ,314 ,"5,144 ",0 ,0 ,"3,095 ",387 ,"1,374 ",0 ,0 ,0 ,30 ,9 ,"1,412 ",965 ,205 ,"9,268 ",137 ,"3,123 ",0 ,919 ,0 ,464 ,14 ,"16,562 ",3 ,1 ,"15,621 ",78 ,"2,968 ",0 ,128 ,1 ,30 ,3 ,0 ,13 ,3 ,0 ,0 ,0 ,30 ,42 ,11 ,120 ,1 ,4 ,9 ,9 ,0 ,1 ,9 ,1 ,0 ,0 ,2 ,7 ,7 ,24 ,3 ,1 ,3 ,0 ,0 ,8 ,1 ,34 ,0 ,0 ,1 ,5 ,63 ,0 ,5 ,3 ,5 ,0 ,6 ,0 ,0 ,3 ,0 ,1 ,2 ,0 ,67 ,1 ,80 ,1 ,0 ,15 ,29 ,0 ,4 ,0 ,19 ,0 ,0 ,7 ,1 ,8 ,0 ,27 ,25 ,0 ,0 ,8 ,0 ,0 ,0 ,0 ,1 ,0 ,0 ,0 ,12 ,0 ,6 ,0 ,0 ,3 ,1 ,32 ,0 ,0 ,1 ,0 ,1 ,0 ,0 ,0 ,2 ,11 ,0 ,0 ,0 ,0 ,5 ,0 ,0 ,0 ,0 ,0 ,0 ,72 ,3 ,4 ,0 ,2 ,5 ,0 ,0 ,0 ,0 ,10 ,1 ,0 ,0 ,0 ,0 ,0 ,452 ,0 ,1 ,30 ,34 ,3 ,3 ,0 ,17 ,0 ,11 ,16 ,"12,375 ",3 ,891 ,111 ,93 ,0 ,1 ,0 ,0 ,5 ,0 ,26 ,0 ,0 ,1 ,0 ,0 ,0 ,2 ,"77,301 "
22：静岡県,31 ,0 ,1 ,10 ,0 ,65 ,"1,206 ","8,282 ",0 ,0 ,"4,177 ",289 ,656 ,0 ,0 ,0 ,14 ,42 ,"3,280 ","1,848 ",848 ,"10,734 ",48 ,"7,110 ",0 ,691 ,0 ,698 ,1 ,"21,168 ",3 ,2 ,"20,933 ",189 ,"5,046 ",3 ,232 ,3 ,251 ,1 ,1 ,18 ,0 ,0 ,0 ,0 ,47 ,60 ,28 ,280 ,2 ,6 ,17 ,11 ,0 ,4 ,7 ,0 ,0 ,0 ,1 ,16 ,20 ,40 ,20 ,1 ,3 ,0 ,0 ,10 ,9 ,82 ,5 ,4 ,15 ,3 ,145 ,9 ,2 ,10 ,21 ,0 ,11 ,0 ,0 ,1 ,0 ,0 ,8 ,1 ,69 ,0 ,161 ,2 ,5 ,5 ,17 ,0 ,11 ,0 ,15 ,0 ,1 ,15 ,0 ,1 ,0 ,10 ,1 ,0 ,0 ,2 ,0 ,0 ,0 ,0 ,8 ,5 ,0 ,1 ,13 ,1 ,10 ,0 ,0 ,18 ,1 ,59 ,0 ,0 ,2 ,0 ,0 ,1 ,0 ,2 ,3 ,29 ,1 ,2 ,0 ,0 ,16 ,1 ,0 ,1 ,0 ,0 ,8 ,212 ,20 ,5 ,0 ,6 ,17 ,0 ,0 ,0 ,0 ,17 ,12 ,12 ,0 ,0 ,0 ,2 ,918 ,0 ,6 ,84 ,228 ,19 ,9 ,0 ,212 ,0 ,31 ,229 ,"31,635 ",16 ,"4,760 ",319 ,161 ,0 ,9 ,0 ,0 ,2 ,0 ,78 ,0 ,1 ,1 ,3 ,0 ,1 ,9 ,"128,311 "
23：愛知県,388 ,1 ,3 ,22 ,7 ,230 ,"2,223 ","18,484 ",1 ,0 ,"25,832 ","1,576 ","2,222 ",2 ,1 ,8 ,97 ,98 ,"5,429 ","4,590 ","2,362 ","47,656 ","1,848 ","21,314 ",0 ,"3,270 ",5 ,"1,604 ",1 ,"47,765 ",27 ,3 ,"67,842 ",422 ,"8,489 ",2 ,903 ,41 ,101 ,10 ,2 ,44 ,5 ,5 ,3 ,0 ,199 ,274 ,452 ,728 ,6 ,19 ,34 ,25 ,7 ,14 ,39 ,15 ,0 ,0 ,5 ,43 ,47 ,160 ,18 ,1 ,18 ,1 ,2 ,27 ,14 ,263 ,8 ,23 ,32 ,28 ,441 ,12 ,25 ,56 ,84 ,5 ,38 ,0 ,0 ,14 ,0 ,5 ,12 ,0 ,230 ,4 ,347 ,18 ,2 ,152 ,169 ,0 ,8 ,1 ,182 ,1 ,0 ,36 ,12 ,16 ,0 ,66 ,10 ,0 ,0 ,25 ,0 ,8 ,2 ,1 ,32 ,9 ,2 ,0 ,45 ,5 ,38 ,0 ,0 ,22 ,3 ,303 ,8 ,5 ,5 ,19 ,9 ,7 ,7 ,11 ,1 ,231 ,0 ,5 ,2 ,17 ,46 ,17 ,3 ,6 ,2 ,0 ,7 ,438 ,14 ,10 ,0 ,7 ,45 ,0 ,0 ,1 ,0 ,40 ,4 ,5 ,1 ,6 ,1 ,1 ,"2,577 ",0 ,6 ,196 ,387 ,9 ,25 ,0 ,300 ,0 ,49 ,386 ,"61,003 ",43 ,"7,959 ","1,434 ",402 ,2 ,2 ,1 ,0 ,11 ,1 ,176 ,0 ,4 ,2 ,22 ,0 ,2 ,39 ,"345,900 "
24：三重県,116 ,0 ,0 ,2 ,3 ,32 ,240 ,"4,914 ",0 ,0 ,"3,632 ",262 ,462 ,0 ,0 ,2 ,52 ,18 ,"1,847 ","2,030 ",427 ,"6,615 ",47 ,"3,256 ",0 ,373 ,0 ,312 ,0 ,"8,920 ",2 ,0 ,"15,224 ",94 ,"2,005 ",0 ,269 ,1 ,72 ,0 ,0 ,8 ,0 ,8 ,0 ,0 ,25 ,17 ,17 ,83 ,2 ,1 ,5 ,0 ,0 ,5 ,12 ,0 ,1 ,0 ,0 ,11 ,3 ,63 ,2 ,0 ,0 ,0 ,0 ,3 ,2 ,38 ,0 ,1 ,7 ,6 ,38 ,2 ,2 ,6 ,10 ,0 ,2 ,1 ,0 ,2 ,2 ,0 ,0 ,0 ,21 ,0 ,46 ,1 ,0 ,30 ,25 ,0 ,1 ,0 ,30 ,0 ,0 ,1 ,0 ,2 ,0 ,13 ,1 ,0 ,0 ,11 ,0 ,10 ,0 ,0 ,4 ,3 ,0 ,0 ,4 ,0 ,8 ,0 ,2 ,7 ,0 ,28 ,0 ,0 ,2 ,0 ,3 ,0 ,0 ,0 ,3 ,29 ,0 ,0 ,0 ,0 ,6 ,1 ,0 ,0 ,0 ,1 ,0 ,69 ,1 ,1 ,0 ,4 ,14 ,0 ,0 ,0 ,0 ,3 ,3 ,1 ,0 ,0 ,0 ,1 ,332 ,0 ,2 ,40 ,59 ,0 ,1 ,0 ,26 ,0 ,19 ,46 ,"13,941 ",9 ,"3,388 ","1,144 ",70 ,0 ,0 ,0 ,0 ,6 ,0 ,51 ,0 ,0 ,1 ,6 ,0 ,0 ,9 ,"71,154 "
25：滋賀県,22 ,0 ,0 ,3 ,1 ,12 ,302 ,"3,144 ",0 ,0 ,"3,632 ",255 ,254 ,0 ,0 ,0 ,2 ,15 ,198 ,582 ,270 ,"4,731 ",16 ,933 ,0 ,90 ,0 ,142 ,0 ,"3,493 ",15 ,0 ,"11,777 ",118 ,"1,406 ",1 ,89 ,0 ,45 ,0 ,1 ,2 ,0 ,0 ,0 ,0 ,27 ,25 ,34 ,102 ,0 ,4 ,5 ,0 ,0 ,2 ,23 ,0 ,0 ,0 ,0 ,11 ,8 ,15 ,3 ,0 ,1 ,0 ,31 ,1 ,1 ,49 ,0 ,2 ,9 ,15 ,65 ,2 ,2 ,6 ,13 ,0 ,2 ,0 ,0 ,0 ,0 ,0 ,4 ,0 ,8 ,0 ,29 ,1 ,0 ,2 ,6 ,0 ,6 ,0 ,3 ,0 ,0 ,4 ,0 ,0 ,0 ,10 ,0 ,0 ,0 ,4 ,0 ,0 ,0 ,0 ,13 ,10 ,0 ,0 ,7 ,0 ,2 ,0 ,0 ,2 ,0 ,17 ,0 ,0 ,0 ,0 ,0 ,0 ,0 ,1 ,1 ,11 ,0 ,0 ,0 ,0 ,3 ,0 ,0 ,0 ,0 ,0 ,1 ,75 ,3 ,3 ,0 ,1 ,17 ,0 ,0 ,0 ,0 ,34 ,0 ,0 ,1 ,4 ,0 ,0 ,425 ,1 ,7 ,26 ,42 ,0 ,1 ,0 ,20 ,0 ,14 ,28 ,"9,333 ",57 ,"1,590 ",399 ,75 ,1 ,0 ,0 ,0 ,0 ,0 ,31 ,0 ,0 ,0 ,0 ,0 ,0 ,3 ,"44,345 "
26：京都府,108 ,2 ,1 ,53 ,16 ,99 ,809 ,"3,807 ",3 ,1 ,"20,414 ","1,296 ",632 ,3 ,4 ,6 ,117 ,113 ,"1,871 ","1,055 ","2,259 ","20,502 ",112 ,"6,400 ",5 ,335 ,11 ,765 ,1 ,"3,334 ",11 ,5 ,"11,443 ",293 ,"3,076 ",9 ,226 ,10 ,63 ,2 ,8 ,44 ,2 ,1 ,1 ,0 ,291 ,129 ,128 ,682 ,9 ,34 ,77 ,32 ,6 ,15 ,55 ,8 ,1 ,0 ,11 ,78 ,80 ,205 ,8 ,7 ,14 ,1 ,1 ,40 ,31 ,398 ,6 ,42 ,35 ,60 ,"1,006 ",23 ,12 ,74 ,70 ,0 ,35 ,2 ,0 ,2 ,3 ,11 ,10 ,0 ,44 ,5 ,314 ,6 ,1 ,19 ,135 ,1 ,6 ,0 ,30 ,1 ,7 ,17 ,0 ,7 ,0 ,25 ,8 ,0 ,1 ,7 ,2 ,5 ,0 ,1 ,4 ,11 ,0 ,0 ,2 ,1 ,13 ,0 ,0 ,17 ,1 ,66 ,0 ,0 ,5 ,1 ,1 ,0 ,8 ,7 ,3 ,34 ,0 ,5 ,0 ,8 ,23 ,0 ,1 ,6 ,0 ,0 ,11 ,382 ,9 ,10 ,0 ,10 ,20 ,0 ,0 ,1 ,1 ,45 ,5 ,2 ,0 ,6 ,0 ,0 ,"2,046 ",4 ,5 ,192 ,79 ,5 ,16 ,0 ,51 ,0 ,50 ,15 ,628 ,15 ,183 ,85 ,376 ,0 ,4 ,7 ,0 ,9 ,0 ,117 ,1 ,2 ,2 ,11 ,1 ,0 ,12 ,"88,337 "
27：大阪府,136 ,25 ,42 ,48 ,42 ,185 ,"2,095 ","13,592 ",0 ,1 ,"86,788 ","3,597 ","1,046 ",20 ,3 ,136 ,216 ,278 ,"3,191 ","3,309 ","8,330 ","92,946 ",368 ,"24,727 ",3 ,"1,215 ",1 ,"2,743 ",0 ,"12,877 ",56 ,13 ,"67,611 ",857 ,"12,054 ",5 ,805 ,43 ,227 ,19 ,4 ,98 ,35 ,9 ,7 ,0 ,463 ,284 ,334 ,"1,418 ",3 ,73 ,121 ,81 ,3 ,13 ,53 ,20 ,1 ,0 ,11 ,127 ,113 ,407 ,39 ,18 ,17 ,0 ,21 ,67 ,34 ,597 ,15 ,30 ,165 ,53 ,"1,158 ",38 ,22 ,113 ,207 ,7 ,67 ,4 ,7 ,12 ,1 ,13 ,26 ,1 ,166 ,18 ,612 ,32 ,2 ,34 ,240 ,1 ,37 ,3 ,226 ,1 ,3 ,87 ,22 ,24 ,1 ,78 ,12 ,0 ,8 ,57 ,3 ,31 ,3 ,0 ,61 ,97 ,2 ,6 ,36 ,3 ,39 ,2 ,1 ,96 ,9 ,275 ,2 ,2 ,8 ,4 ,6 ,3 ,13 ,10 ,24 ,98 ,16 ,6 ,2 ,28 ,50 ,4 ,6 ,6 ,4 ,3 ,9 ,937 ,21 ,14 ,2 ,12 ,53 ,19 ,0 ,2 ,5 ,41 ,18 ,2 ,6 ,4 ,5 ,5 ,"4,104 ",4 ,5 ,280 ,121 ,8 ,22 ,0 ,165 ,1 ,98 ,39 ,"2,777 ",33 ,"1,360 ",174 ,935 ,0 ,6 ,5 ,1 ,12 ,0 ,290 ,41 ,8 ,4 ,16 ,0 ,8 ,35 ,"360,390 "
28：兵庫県,122 ,0 ,10 ,34 ,6 ,104 ,"1,778 ","6,287 ",1 ,0 ,"34,040 ","2,138 ",870 ,3 ,1 ,5 ,307 ,141 ,"1,315 ","1,486 ","2,280 ","24,972 ",109 ,"10,439 ",1 ,649 ,9 ,"1,979 ",1 ,"6,977 ",19 ,2 ,"32,933 ",293 ,"6,348 ",2 ,403 ,18 ,167 ,49 ,2 ,63 ,1 ,2 ,5 ,0 ,238 ,210 ,124 ,757 ,6 ,34 ,73 ,28 ,1 ,17 ,38 ,0 ,0 ,0 ,12 ,71 ,48 ,157 ,17 ,2 ,15 ,0 ,27 ,27 ,35 ,355 ,0 ,53 ,23 ,38 ,509 ,29 ,20 ,62 ,69 ,2 ,29 ,2 ,0 ,5 ,0 ,8 ,14 ,0 ,66 ,2 ,344 ,24 ,1 ,32 ,111 ,0 ,8 ,0 ,56 ,1 ,0 ,40 ,2 ,14 ,0 ,24 ,9 ,0 ,1 ,23 ,0 ,14 ,1 ,1 ,11 ,6 ,1 ,6 ,18 ,0 ,33 ,0 ,0 ,41 ,4 ,151 ,2 ,2 ,6 ,3 ,9 ,2 ,6 ,13 ,1 ,78 ,0 ,5 ,1 ,4 ,37 ,11 ,0 ,5 ,0 ,0 ,11 ,574 ,11 ,10 ,0 ,5 ,47 ,4 ,0 ,1 ,7 ,49 ,22 ,4 ,1 ,5 ,0 ,3 ,"2,665 ",0 ,2 ,114 ,55 ,0 ,17 ,0 ,55 ,0 ,25 ,46 ,"2,387 ",16 ,835 ,100 ,501 ,1 ,0 ,0 ,0 ,6 ,0 ,174 ,2 ,1 ,2 ,10 ,0 ,0 ,45 ,"148,569 "
29：奈良県,22 ,0 ,0 ,1 ,0 ,20 ,129 ,"1,391 ",0 ,0 ,"3,009 ",134 ,119 ,0 ,1 ,0 ,5 ,18 ,526 ,516 ,376 ,"3,158 ",25 ,"1,086 ",1 ,89 ,0 ,246 ,0 ,"1,123 ",0 ,0 ,"4,962 ",64 ,"1,405 ",0 ,67 ,2 ,35 ,1 ,0 ,12 ,2 ,0 ,2 ,0 ,22 ,19 ,17 ,103 ,1 ,4 ,11 ,0 ,0 ,2 ,1 ,2 ,0 ,0 ,0 ,13 ,12 ,54 ,3 ,3 ,0 ,0 ,0 ,2 ,0 ,39 ,0 ,2 ,2 ,4 ,105 ,7 ,0 ,5 ,17 ,0 ,3 ,0 ,0 ,0 ,0 ,1 ,1 ,0 ,10 ,0 ,23 ,0 ,0 ,1 ,8 ,0 ,1 ,0 ,14 ,0 ,0 ,6 ,0 ,1 ,0 ,7 ,4 ,0 ,0 ,0 ,0 ,0 ,1 ,0 ,1 ,5 ,0 ,0 ,1 ,0 ,9 ,0 ,0 ,5 ,0 ,31 ,2 ,0 ,2 ,0 ,0 ,1 ,1 ,0 ,1 ,9 ,0 ,0 ,0 ,0 ,6 ,0 ,0 ,2 ,0 ,0 ,1 ,80 ,0 ,0 ,0 ,2 ,3 ,0 ,1 ,0 ,1 ,8 ,1 ,2 ,1 ,0 ,0 ,0 ,432 ,0 ,1 ,25 ,10 ,0 ,2 ,0 ,15 ,0 ,3 ,1 ,338 ,3 ,160 ,39 ,74 ,0 ,0 ,0 ,0 ,4 ,0 ,32 ,0 ,2 ,0 ,9 ,4 ,1 ,2 ,"20,411 "
30：和歌山県,1 ,0 ,0 ,2 ,1 ,2 ,99 ,"1,021 ",0 ,0 ,"1,737 ",128 ,56 ,0 ,0 ,0 ,6 ,7 ,127 ,610 ,123 ,"1,376 ",5 ,634 ,0 ,28 ,0 ,55 ,0 ,993 ,0 ,0 ,"2,248 ",39 ,599 ,0 ,45 ,0 ,8 ,9 ,0 ,7 ,0 ,0 ,0 ,0 ,11 ,14 ,7 ,44 ,0 ,1 ,1 ,0 ,0 ,2 ,2 ,0 ,0 ,0 ,0 ,2 ,4 ,7 ,2 ,0 ,0 ,0 ,1 ,3 ,0 ,14 ,0 ,7 ,1 ,1 ,28 ,2 ,2 ,2 ,11 ,0 ,1 ,0 ,0 ,2 ,0 ,1 ,0 ,0 ,3 ,0 ,26 ,1 ,0 ,0 ,7 ,0 ,0 ,0 ,2 ,0 ,1 ,4 ,0 ,1 ,1 ,0 ,5 ,0 ,0 ,4 ,0 ,0 ,0 ,0 ,8 ,0 ,0 ,0 ,3 ,0 ,1 ,0 ,0 ,2 ,0 ,6 ,0 ,0 ,0 ,0 ,1 ,0 ,2 ,0 ,2 ,2 ,0 ,0 ,0 ,0 ,5 ,0 ,0 ,0 ,0 ,0 ,2 ,40 ,1 ,0 ,0 ,0 ,6 ,0 ,1 ,0 ,0 ,2 ,1 ,0 ,0 ,0 ,0 ,2 ,211 ,0 ,1 ,10 ,10 ,0 ,0 ,0 ,27 ,0 ,4 ,6 ,125 ,1 ,16 ,1 ,35 ,0 ,0 ,0 ,0 ,0 ,0 ,7 ,0 ,0 ,0 ,0 ,0 ,0 ,1 ,"10,736 "
31：鳥取県,1 ,0 ,0 ,1 ,0 ,0 ,50 ,568 ,0 ,0 ,781 ,85 ,104 ,0 ,0 ,0 ,0 ,2 ,37 ,75 ,60 ,724 ,0 ,228 ,0 ,50 ,0 ,35 ,0 ,808 ,0 ,0 ,"1,629 ",24 ,530 ,0 ,45 ,1 ,8 ,0 ,0 ,5 ,0 ,0 ,0 ,0 ,6 ,3 ,3 ,42 ,0 ,1 ,2 ,1 ,0 ,3 ,0 ,0 ,0 ,0 ,1 ,0 ,1 ,3 ,3 ,0 ,1 ,0 ,0 ,1 ,0 ,7 ,0 ,2 ,2 ,1 ,18 ,0 ,1 ,2 ,2 ,0 ,0 ,0 ,0 ,0 ,0 ,0 ,1 ,0 ,3 ,0 ,20 ,0 ,0 ,1 ,2 ,0 ,38 ,0 ,1 ,0 ,0 ,1 ,2 ,1 ,0 ,8 ,0 ,0 ,0 ,0 ,0 ,0 ,0 ,0 ,7 ,27 ,0 ,0 ,0 ,0 ,1 ,0 ,0 ,0 ,0 ,16 ,0 ,0 ,0 ,0 ,0 ,1 ,0 ,0 ,0 ,5 ,3 ,0 ,0 ,0 ,1 ,0 ,0 ,1 ,0 ,0 ,1 ,22 ,0 ,1 ,0 ,0 ,4 ,0 ,0 ,0 ,0 ,0 ,4 ,0 ,0 ,0 ,0 ,0 ,95 ,0 ,0 ,6 ,0 ,0 ,1 ,0 ,0 ,0 ,0 ,1 ,56 ,0 ,3 ,1 ,18 ,0 ,0 ,0 ,0 ,0 ,0 ,5 ,0 ,0 ,0 ,0 ,0 ,0 ,0 ,"6,315 "
32：島根県,23 ,0 ,0 ,1 ,0 ,2 ,56 ,712 ,0 ,0 ,524 ,39 ,211 ,0 ,0 ,0 ,0 ,3 ,17 ,164 ,45 ,"1,095 ",1 ,348 ,1 ,81 ,0 ,177 ,0 ,"1,179 ",0 ,0 ,"1,988 ",23 ,509 ,0 ,38 ,0 ,3 ,0 ,0 ,6 ,1 ,0 ,0 ,0 ,6 ,2 ,1 ,29 ,0 ,0 ,2 ,0 ,0 ,0 ,3 ,1 ,0 ,0 ,0 ,2 ,0 ,2 ,2 ,0 ,0 ,0 ,0 ,0 ,1 ,13 ,0 ,1 ,1 ,2 ,23 ,1 ,0 ,2 ,6 ,0 ,0 ,0 ,0 ,1 ,0 ,0 ,0 ,0 ,4 ,0 ,35 ,1 ,0 ,0 ,2 ,1 ,0 ,0 ,0 ,0 ,0 ,0 ,1 ,5 ,0 ,1 ,0 ,0 ,0 ,0 ,0 ,1 ,0 ,0 ,0 ,0 ,0 ,0 ,1 ,0 ,0 ,0 ,0 ,0 ,0 ,2 ,0 ,0 ,0 ,0 ,2 ,0 ,0 ,0 ,0 ,3 ,0 ,0 ,0 ,0 ,2 ,0 ,1 ,0 ,0 ,0 ,0 ,18 ,0 ,1 ,0 ,0 ,3 ,0 ,0 ,0 ,0 ,0 ,2 ,0 ,0 ,0 ,0 ,3 ,177 ,0 ,0 ,6 ,2 ,0 ,0 ,0 ,3 ,0 ,0 ,5 ,"3,980 ",0 ,8 ,3 ,17 ,0 ,0 ,0 ,0 ,0 ,0 ,12 ,0 ,0 ,0 ,0 ,0 ,0 ,2 ,"11,652 "
33：岡山県,38 ,0 ,0 ,2 ,0 ,16 ,181 ,"4,109 ",0 ,0 ,"4,103 ",286 ,514 ,0 ,0 ,4 ,16 ,9 ,444 ,462 ,208 ,"7,089 ",32 ,"1,804 ",0 ,296 ,0 ,412 ,0 ,"2,754 ",0 ,1 ,"12,665 ",103 ,"1,964 ",0 ,74 ,6 ,90 ,0 ,0 ,7 ,0 ,0 ,0 ,0 ,33 ,20 ,12 ,125 ,0 ,7 ,17 ,2 ,0 ,2 ,3 ,2 ,0 ,0 ,0 ,6 ,8 ,15 ,6 ,1 ,3 ,0 ,0 ,1 ,3 ,30 ,0 ,3 ,5 ,3 ,104 ,3 ,0 ,7 ,17 ,0 ,6 ,1 ,0 ,2 ,0 ,0 ,2 ,0 ,10 ,0 ,57 ,1 ,0 ,3 ,16 ,0 ,5 ,0 ,18 ,0 ,1 ,16 ,0 ,1 ,0 ,12 ,2 ,0 ,0 ,5 ,0 ,0 ,0 ,0 ,8 ,4 ,0 ,0 ,4 ,0 ,2 ,0 ,0 ,12 ,0 ,24 ,0 ,0 ,0 ,0 ,2 ,1 ,2 ,0 ,24 ,13 ,1 ,0 ,0 ,0 ,4 ,0 ,0 ,2 ,0 ,0 ,2 ,91 ,0 ,1 ,0 ,2 ,5 ,0 ,0 ,0 ,5 ,2 ,3 ,1 ,2 ,1 ,0 ,0 ,423 ,0 ,0 ,21 ,8 ,0 ,6 ,0 ,5 ,0 ,7 ,8 ,867 ,10 ,135 ,22 ,80 ,0 ,0 ,0 ,0 ,2 ,0 ,30 ,0 ,0 ,0 ,1 ,0 ,0 ,2 ,"40,130 "
34：広島県,114 ,0 ,11 ,3 ,7 ,33 ,592 ,"6,789 ",3 ,0 ,"6,361 ",615 ,522 ,7 ,0 ,1 ,103 ,55 ,439 ,"1,653 ",474 ,"12,367 ",21 ,"2,994 ",0 ,201 ,7 ,729 ,20 ,"11,023 ",5 ,1 ,"16,110 ",201 ,"2,378 ",1 ,115 ,0 ,77 ,1 ,1 ,16 ,1 ,7 ,0 ,0 ,43 ,98 ,44 ,225 ,2 ,8 ,29 ,7 ,0 ,0 ,28 ,2 ,1 ,0 ,0 ,11 ,10 ,51 ,10 ,2 ,0 ,0 ,19 ,4 ,7 ,102 ,0 ,1 ,8 ,11 ,99 ,8 ,11 ,4 ,24 ,1 ,41 ,0 ,3 ,9 ,0 ,2 ,2 ,0 ,20 ,0 ,116 ,7 ,1 ,13 ,71 ,1 ,4 ,0 ,37 ,1 ,1 ,9 ,3 ,10 ,2 ,37 ,1 ,0 ,0 ,5 ,0 ,6 ,0 ,1 ,7 ,1 ,1 ,0 ,10 ,0 ,7 ,0 ,0 ,15 ,1 ,59 ,1 ,0 ,1 ,1 ,1 ,2 ,5 ,17 ,0 ,26 ,1 ,2 ,1 ,8 ,7 ,0 ,2 ,9 ,2 ,0 ,7 ,114 ,8 ,0 ,0 ,3 ,20 ,0 ,0 ,0 ,0 ,15 ,9 ,0 ,0 ,0 ,0 ,2 ,848 ,0 ,3 ,83 ,19 ,2 ,7 ,0 ,18 ,0 ,10 ,9 ,"2,299 ",7 ,689 ,14 ,113 ,2 ,1 ,3 ,0 ,0 ,0 ,48 ,0 ,7 ,1 ,8 ,0 ,0 ,10 ,"69,897 "
35：山口県,12 ,0 ,0 ,1 ,0 ,1 ,81 ,"2,616 ",0 ,0 ,"4,225 ",524 ,164 ,0 ,0 ,0 ,0 ,3 ,155 ,226 ,111 ,"2,390 ",9 ,"1,127 ",0 ,58 ,2 ,231 ,16 ,"2,336 ",0 ,0 ,"5,045 ",50 ,"1,163 ",0 ,18 ,1 ,22 ,0 ,0 ,4 ,1 ,0 ,1 ,0 ,14 ,15 ,10 ,66 ,1 ,3 ,5 ,0 ,0 ,0 ,3 ,0 ,0 ,0 ,0 ,3 ,8 ,12 ,2 ,0 ,1 ,0 ,3 ,1 ,3 ,23 ,0 ,3 ,4 ,2 ,37 ,2 ,1 ,1 ,5 ,0 ,2 ,0 ,0 ,0 ,0 ,0 ,0 ,0 ,10 ,0 ,23 ,1 ,1 ,1 ,0 ,0 ,0 ,0 ,6 ,0 ,0 ,2 ,0 ,1 ,0 ,16 ,0 ,0 ,0 ,2 ,0 ,0 ,0 ,0 ,8 ,0 ,0 ,0 ,0 ,0 ,0 ,0 ,0 ,3 ,0 ,18 ,0 ,0 ,0 ,0 ,1 ,0 ,0 ,0 ,0 ,2 ,0 ,0 ,0 ,1 ,0 ,1 ,0 ,10 ,0 ,0 ,0 ,35 ,0 ,0 ,0 ,4 ,10 ,0 ,1 ,0 ,0 ,0 ,3 ,2 ,0 ,1 ,0 ,0 ,477 ,0 ,0 ,7 ,8 ,0 ,1 ,0 ,9 ,0 ,1 ,6 ,252 ,2 ,50 ,17 ,33 ,0 ,1 ,0 ,0 ,0 ,0 ,12 ,0 ,0 ,0 ,2 ,0 ,1 ,1 ,"21,866 "
36：徳島県,39 ,0 ,0 ,3 ,0 ,2 ,103 ,"1,220 ",0 ,0 ,297 ,24 ,302 ,0 ,0 ,0 ,0 ,2 ,105 ,93 ,58 ,"1,617 ",9 ,369 ,0 ,105 ,0 ,144 ,0 ,997 ,0 ,0 ,"2,332 ",25 ,576 ,0 ,83 ,0 ,47 ,0 ,0 ,6 ,0 ,0 ,0 ,0 ,7 ,18 ,16 ,34 ,0 ,2 ,3 ,0 ,0 ,0 ,0 ,0 ,0 ,0 ,0 ,5 ,4 ,1 ,1 ,0 ,1 ,0 ,0 ,1 ,0 ,14 ,0 ,1 ,4 ,1 ,19 ,1 ,0 ,4 ,1 ,0 ,0 ,1 ,0 ,1 ,0 ,2 ,1 ,0 ,13 ,0 ,22 ,2 ,0 ,3 ,13 ,0 ,0 ,0 ,11 ,0 ,0 ,0 ,0 ,0 ,3 ,2 ,1 ,0 ,0 ,0 ,0 ,0 ,0 ,1 ,3 ,0 ,4 ,0 ,0 ,0 ,0 ,0 ,0 ,0 ,0 ,8 ,0 ,0 ,4 ,0 ,0 ,0 ,1 ,0 ,1 ,12 ,0 ,0 ,0 ,4 ,6 ,0 ,0 ,0 ,0 ,0 ,6 ,45 ,0 ,0 ,0 ,0 ,2 ,0 ,0 ,0 ,0 ,0 ,3 ,2 ,0 ,0 ,0 ,2 ,191 ,0 ,0 ,4 ,2 ,1 ,0 ,0 ,6 ,0 ,5 ,0 ,54 ,0 ,18 ,1 ,16 ,0 ,0 ,4 ,0 ,0 ,0 ,6 ,1 ,4 ,0 ,1 ,0 ,0 ,1 ,"9,190 "
37：香川県,1 ,0 ,0 ,2 ,0 ,3 ,92 ,"3,959 ",0 ,0 ,793 ,45 ,763 ,0 ,0 ,0 ,0 ,2 ,117 ,171 ,139 ,"3,069 ",6 ,643 ,1 ,101 ,0 ,142 ,0 ,"2,993 ",2 ,1 ,"4,751 ",45 ,"1,319 ",0 ,60 ,0 ,201 ,0 ,0 ,8 ,0 ,0 ,1 ,0 ,25 ,11 ,3 ,60 ,0 ,3 ,5 ,0 ,0 ,0 ,2 ,0 ,0 ,0 ,2 ,3 ,1 ,19 ,0 ,0 ,1 ,0 ,1 ,0 ,4 ,15 ,0 ,0 ,2 ,1 ,34 ,2 ,0 ,1 ,4 ,0 ,0 ,0 ,0 ,0 ,0 ,0 ,0 ,1 ,2 ,0 ,28 ,0 ,0 ,0 ,9 ,0 ,0 ,0 ,2 ,0 ,0 ,0 ,0 ,1 ,0 ,1 ,0 ,0 ,0 ,7 ,0 ,0 ,0 ,0 ,2 ,0 ,0 ,0 ,8 ,0 ,1 ,0 ,0 ,1 ,0 ,10 ,0 ,1 ,0 ,0 ,1 ,0 ,0 ,3 ,1 ,6 ,0 ,0 ,0 ,0 ,4 ,1 ,1 ,3 ,1 ,0 ,0 ,54 ,2 ,0 ,0 ,0 ,3 ,0 ,0 ,0 ,0 ,0 ,3 ,0 ,0 ,0 ,0 ,0 ,214 ,0 ,0 ,14 ,6 ,0 ,2 ,0 ,6 ,0 ,2 ,1 ,169 ,0 ,420 ,3 ,31 ,0 ,0 ,0 ,0 ,0 ,0 ,9 ,0 ,2 ,1 ,0 ,0 ,0 ,5 ,"20,671 "
38：愛媛県,12 ,0 ,0 ,4 ,0 ,3 ,115 ,"2,152 ",0 ,0 ,"1,024 ",87 ,427 ,0 ,0 ,0 ,0 ,3 ,148 ,175 ,111 ,"2,517 ",7 ,629 ,0 ,71 ,0 ,115 ,0 ,"4,325 ",6 ,0 ,"4,586 ",28 ,"1,345 ",1 ,17 ,0 ,35 ,0 ,0 ,2 ,0 ,0 ,1 ,0 ,15 ,5 ,28 ,83 ,1 ,2 ,4 ,0 ,0 ,1 ,1 ,0 ,0 ,0 ,0 ,3 ,4 ,7 ,2 ,0 ,0 ,0 ,0 ,1 ,2 ,28 ,0 ,3 ,0 ,3 ,33 ,2 ,2 ,2 ,4 ,0 ,3 ,0 ,0 ,1 ,0 ,0 ,2 ,0 ,4 ,0 ,17 ,3 ,0 ,3 ,1 ,1 ,3 ,0 ,6 ,0 ,2 ,0 ,0 ,0 ,0 ,5 ,0 ,0 ,0 ,1 ,0 ,2 ,1 ,0 ,6 ,0 ,0 ,0 ,1 ,0 ,3 ,0 ,0 ,2 ,0 ,16 ,0 ,1 ,0 ,1 ,0 ,0 ,2 ,2 ,0 ,11 ,0 ,0 ,0 ,3 ,0 ,4 ,0 ,0 ,0 ,0 ,1 ,52 ,2 ,0 ,0 ,1 ,8 ,0 ,0 ,1 ,0 ,3 ,6 ,0 ,0 ,0 ,0 ,0 ,259 ,0 ,1 ,7 ,4 ,1 ,14 ,0 ,24 ,0 ,2 ,2 ,255 ,1 ,52 ,11 ,46 ,1 ,0 ,0 ,0 ,0 ,0 ,26 ,0 ,0 ,0 ,0 ,0 ,0 ,0 ,"19,069 "
39：高知県,1 ,0 ,0 ,0 ,0 ,3 ,115 ,"1,250 ",0 ,0 ,424 ,29 ,172 ,0 ,0 ,0 ,0 ,5 ,40 ,79 ,65 ,957 ,2 ,159 ,0 ,22 ,0 ,107 ,22 ,970 ,0 ,1 ,"1,559 ",15 ,403 ,0 ,51 ,0 ,11 ,0 ,0 ,3 ,0 ,0 ,0 ,0 ,5 ,2 ,1 ,68 ,1 ,1 ,4 ,0 ,0 ,0 ,0 ,0 ,0 ,0 ,0 ,1 ,1 ,2 ,0 ,0 ,0 ,0 ,6 ,2 ,1 ,7 ,0 ,0 ,8 ,0 ,11 ,0 ,0 ,2 ,3 ,0 ,2 ,0 ,0 ,1 ,0 ,0 ,0 ,0 ,5 ,0 ,6 ,0 ,0 ,0 ,2 ,0 ,0 ,0 ,4 ,0 ,0 ,1 ,1 ,0 ,0 ,1 ,4 ,0 ,0 ,0 ,0 ,0 ,0 ,0 ,0 ,0 ,0 ,0 ,2 ,0 ,0 ,0 ,0 ,2 ,0 ,5 ,2 ,0 ,3 ,0 ,0 ,0 ,0 ,0 ,1 ,11 ,0 ,0 ,0 ,1 ,1 ,0 ,0 ,0 ,0 ,0 ,0 ,44 ,0 ,0 ,0 ,0 ,0 ,0 ,0 ,0 ,0 ,7 ,0 ,0 ,0 ,0 ,0 ,0 ,182 ,0 ,2 ,3 ,5 ,0 ,0 ,0 ,2 ,0 ,2 ,1 ,24 ,12 ,10 ,0 ,39 ,0 ,0 ,0 ,1 ,5 ,0 ,11 ,0 ,0 ,0 ,0 ,0 ,0 ,0 ,"6,996 "
40：福岡県,281 ,1 ,4 ,14 ,2 ,47 ,697 ,"7,938 ",2 ,0 ,"14,617 ",923 ,964 ,1 ,2 ,4 ,84 ,109 ,"2,066 ",908 ,"1,541 ","22,371 ",77 ,"20,896 ",0 ,615 ,5 ,701 ,2 ,"7,480 ",34 ,0 ,"23,169 ",269 ,"5,881 ",5 ,324 ,7 ,69 ,0 ,1 ,26 ,4 ,8 ,1 ,0 ,136 ,166 ,115 ,682 ,3 ,15 ,64 ,15 ,1 ,9 ,26 ,5 ,2 ,0 ,2 ,34 ,63 ,97 ,8 ,2 ,7 ,0 ,1 ,19 ,14 ,219 ,0 ,10 ,15 ,17 ,425 ,12 ,13 ,43 ,50 ,1 ,25 ,0 ,0 ,6 ,1 ,7 ,11 ,0 ,87 ,2 ,268 ,5 ,5 ,21 ,222 ,0 ,11 ,0 ,24 ,0 ,0 ,14 ,3 ,4 ,0 ,83 ,1 ,0 ,0 ,11 ,0 ,4 ,1 ,2 ,23 ,8 ,0 ,0 ,37 ,3 ,12 ,0 ,0 ,20 ,0 ,128 ,3 ,1 ,8 ,0 ,0 ,6 ,14 ,8 ,2 ,56 ,3 ,4 ,1 ,15 ,34 ,0 ,1 ,2 ,2 ,0 ,7 ,366 ,13 ,11 ,0 ,11 ,24 ,3 ,0 ,0 ,0 ,35 ,3 ,5 ,0 ,3 ,2 ,2 ,"1,860 ",1 ,9 ,124 ,43 ,3 ,18 ,1 ,40 ,0 ,25 ,29 ,389 ,7 ,230 ,22 ,292 ,0 ,4 ,3 ,0 ,12 ,0 ,106 ,9 ,5 ,2 ,13 ,0 ,1 ,9 ,"119,392 "
41：佐賀県,22 ,0 ,0 ,1 ,0 ,0 ,60 ,"2,103 ",0 ,0 ,583 ,62 ,164 ,0 ,0 ,0 ,0 ,2 ,232 ,110 ,56 ,"1,000 ",2 ,"1,519 ",0 ,82 ,0 ,138 ,0 ,936 ,0 ,0 ,"3,023 ",27 ,"1,350 ",1 ,14 ,0 ,9 ,0 ,0 ,0 ,0 ,0 ,0 ,0 ,6 ,14 ,8 ,38 ,0 ,1 ,2 ,0 ,0 ,0 ,0 ,0 ,3 ,0 ,0 ,0 ,2 ,4 ,0 ,1 ,0 ,0 ,0 ,0 ,1 ,11 ,0 ,2 ,2 ,2 ,15 ,3 ,4 ,2 ,7 ,0 ,0 ,0 ,0 ,0 ,0 ,0 ,1 ,0 ,9 ,2 ,4 ,0 ,0 ,2 ,4 ,0 ,8 ,0 ,1 ,0 ,0 ,0 ,0 ,0 ,0 ,4 ,0 ,0 ,1 ,0 ,1 ,0 ,0 ,0 ,2 ,0 ,0 ,0 ,4 ,0 ,0 ,0 ,0 ,2 ,0 ,3 ,1 ,1 ,0 ,1 ,1 ,0 ,0 ,0 ,0 ,3 ,0 ,1 ,0 ,2 ,1 ,0 ,1 ,0 ,0 ,0 ,0 ,19 ,3 ,0 ,0 ,0 ,3 ,0 ,0 ,0 ,0 ,0 ,1 ,0 ,0 ,0 ,0 ,1 ,132 ,0 ,0 ,12 ,0 ,0 ,4 ,1 ,5 ,0 ,2 ,0 ,39 ,1 ,2 ,1 ,29 ,0 ,0 ,0 ,0 ,0 ,0 ,9 ,0 ,0 ,0 ,5 ,0 ,0 ,0 ,"11,953 "
42：長崎県,1 ,0 ,0 ,7 ,0 ,3 ,125 ,"2,177 ",0 ,0 ,"1,049 ",28 ,549 ,0 ,0 ,0 ,2 ,6 ,217 ,112 ,144 ,"2,100 ",4 ,"1,746 ",0 ,18 ,0 ,61 ,0 ,"1,931 ",2 ,0 ,"3,241 ",28 ,"1,402 ",0 ,22 ,0 ,27 ,1 ,1 ,6 ,0 ,4 ,0 ,0 ,17 ,34 ,0 ,79 ,2 ,0 ,23 ,32 ,0 ,2 ,7 ,0 ,0 ,0 ,0 ,3 ,2 ,7 ,3 ,0 ,1 ,0 ,0 ,3 ,2 ,17 ,0 ,3 ,6 ,1 ,44 ,0 ,4 ,6 ,6 ,0 ,5 ,0 ,0 ,0 ,0 ,2 ,1 ,0 ,12 ,1 ,33 ,2 ,0 ,1 ,22 ,0 ,4 ,0 ,24 ,0 ,4 ,1 ,2 ,1 ,0 ,35 ,0 ,0 ,0 ,25 ,0 ,0 ,1 ,0 ,1 ,8 ,0 ,0 ,5 ,0 ,3 ,0 ,0 ,2 ,0 ,28 ,1 ,0 ,0 ,0 ,1 ,0 ,3 ,1 ,0 ,32 ,0 ,0 ,0 ,1 ,1 ,0 ,1 ,0 ,0 ,0 ,0 ,60 ,1 ,0 ,0 ,2 ,4 ,0 ,0 ,0 ,0 ,0 ,2 ,0 ,1 ,0 ,0 ,0 ,518 ,0 ,3 ,11 ,3 ,0 ,1 ,1 ,2 ,0 ,2 ,8 ,71 ,0 ,25 ,5 ,52 ,0 ,1 ,1 ,0 ,1 ,0 ,30 ,0 ,0 ,0 ,1 ,0 ,0 ,5 ,"16,393 "
43：熊本県,25 ,0 ,0 ,2 ,0 ,7 ,149 ,"4,047 ",0 ,0 ,"1,068 ",45 ,"1,556 ",0 ,0 ,0 ,21 ,29 ,309 ,455 ,"2,108 ","3,517 ",10 ,"1,977 ",0 ,221 ,0 ,143 ,0 ,"4,223 ",2 ,0 ,"7,054 ",68 ,"2,361 ",3 ,41 ,2 ,21 ,0 ,3 ,14 ,1 ,0 ,1 ,0 ,16 ,14 ,18 ,121 ,1 ,2 ,6 ,6 ,1 ,0 ,3 ,0 ,1 ,1 ,1 ,7 ,5 ,6 ,3 ,1 ,0 ,0 ,0 ,5 ,2 ,27 ,0 ,2 ,4 ,4 ,60 ,2 ,0 ,3 ,7 ,0 ,1 ,1 ,0 ,1 ,0 ,1 ,1 ,0 ,27 ,0 ,30 ,2 ,1 ,1 ,32 ,0 ,1 ,0 ,21 ,0 ,0 ,3 ,1 ,3 ,0 ,10 ,2 ,0 ,0 ,0 ,0 ,0 ,0 ,2 ,1 ,18 ,0 ,0 ,5 ,0 ,24 ,1 ,0 ,1 ,1 ,19 ,0 ,0 ,0 ,0 ,0 ,0 ,6 ,1 ,0 ,19 ,0 ,1 ,3 ,1 ,2 ,0 ,0 ,3 ,0 ,0 ,0 ,82 ,0 ,0 ,0 ,2 ,9 ,0 ,0 ,0 ,0 ,2 ,3 ,0 ,0 ,0 ,0 ,1 ,442 ,1 ,0 ,17 ,3 ,1 ,0 ,0 ,3 ,0 ,1 ,0 ,86 ,6 ,7 ,3 ,63 ,0 ,1 ,0 ,0 ,6 ,0 ,21 ,0 ,0 ,1 ,1 ,0 ,0 ,4 ,"30,825 "
44：大分県,48 ,0 ,1 ,1 ,1 ,13 ,214 ,"3,095 ",0 ,0 ,"1,590 ",112 ,407 ,0 ,0 ,0 ,3 ,16 ,886 ,350 ,179 ,"2,211 ",7 ,"1,359 ",0 ,92 ,0 ,326 ,0 ,"2,253 ",7 ,4 ,"3,829 ",70 ,"2,882 ",0 ,216 ,1 ,10 ,0 ,1 ,4 ,0 ,0 ,0 ,0 ,34 ,33 ,42 ,68 ,1 ,4 ,10 ,10 ,0 ,1 ,8 ,0 ,0 ,0 ,1 ,8 ,9 ,9 ,1 ,0 ,0 ,0 ,19 ,11 ,5 ,27 ,1 ,14 ,7 ,7 ,62 ,4 ,2 ,2 ,7 ,0 ,4 ,0 ,0 ,2 ,0 ,2 ,3 ,0 ,6 ,0 ,26 ,0 ,0 ,10 ,9 ,1 ,13 ,1 ,12 ,0 ,1 ,10 ,5 ,1 ,0 ,19 ,2 ,0 ,0 ,3 ,0 ,1 ,4 ,1 ,6 ,4 ,0 ,0 ,17 ,5 ,20 ,1 ,0 ,3 ,3 ,47 ,1 ,0 ,4 ,4 ,1 ,2 ,1 ,1 ,1 ,20 ,5 ,0 ,0 ,6 ,5 ,0 ,13 ,13 ,1 ,0 ,0 ,71 ,0 ,3 ,0 ,2 ,4 ,0 ,0 ,0 ,0 ,2 ,3 ,1 ,1 ,2 ,0 ,0 ,365 ,0 ,2 ,38 ,6 ,3 ,1 ,0 ,7 ,0 ,2 ,4 ,94 ,2 ,23 ,2 ,57 ,0 ,11 ,8 ,0 ,13 ,0 ,27 ,0 ,8 ,3 ,26 ,0 ,1 ,1 ,"21,708 "
45：宮崎県,174 ,0 ,0 ,1 ,0 ,0 ,95 ,"2,901 ",0 ,0 ,489 ,8 ,256 ,1 ,0 ,0 ,2 ,4 ,100 ,75 ,51 ,839 ,3 ,729 ,0 ,70 ,0 ,138 ,0 ,"1,116 ",2 ,0 ,"2,993 ",9 ,"1,248 ",0 ,42 ,0 ,11 ,0 ,0 ,3 ,0 ,0 ,0 ,0 ,18 ,22 ,7 ,66 ,0 ,0 ,3 ,2 ,0 ,0 ,19 ,0 ,0 ,0 ,0 ,3 ,2 ,3 ,1 ,1 ,0 ,0 ,0 ,2 ,1 ,17 ,0 ,1 ,0 ,1 ,22 ,0 ,1 ,2 ,3 ,0 ,1 ,0 ,0 ,0 ,0 ,0 ,0 ,0 ,10 ,0 ,8 ,2 ,0 ,3 ,22 ,0 ,0 ,0 ,2 ,0 ,0 ,4 ,3 ,0 ,0 ,2 ,0 ,0 ,0 ,3 ,0 ,1 ,0 ,0 ,0 ,0 ,0 ,0 ,1 ,0 ,4 ,0 ,0 ,1 ,0 ,35 ,0 ,0 ,1 ,0 ,0 ,0 ,3 ,0 ,0 ,6 ,0 ,0 ,0 ,0 ,1 ,0 ,0 ,0 ,0 ,0 ,0 ,57 ,4 ,0 ,0 ,1 ,5 ,0 ,0 ,0 ,0 ,1 ,4 ,3 ,0 ,0 ,0 ,0 ,237 ,0 ,0 ,8 ,4 ,1 ,4 ,0 ,5 ,0 ,0 ,0 ,56 ,0 ,10 ,2 ,52 ,1 ,0 ,0 ,0 ,0 ,0 ,21 ,0 ,0 ,0 ,1 ,0 ,0 ,0 ,"12,147 "
46：鹿児島県,41 ,0 ,0 ,3 ,0 ,4 ,78 ,"4,372 ",0 ,0 ,476 ,27 ,289 ,0 ,0 ,0 ,4 ,7 ,167 ,143 ,159 ,"1,724 ",11 ,884 ,0 ,115 ,0 ,83 ,0 ,"2,754 ",0 ,0 ,"5,569 ",42 ,"1,893 ",0 ,30 ,0 ,87 ,0 ,0 ,10 ,0 ,1 ,0 ,0 ,11 ,21 ,25 ,104 ,1 ,3 ,12 ,3 ,0 ,1 ,1 ,0 ,0 ,0 ,0 ,4 ,7 ,13 ,2 ,0 ,0 ,0 ,0 ,3 ,1 ,24 ,0 ,3 ,1 ,1 ,36 ,2 ,2 ,0 ,7 ,0 ,2 ,0 ,0 ,0 ,0 ,0 ,0 ,0 ,8 ,0 ,12 ,1 ,0 ,4 ,12 ,0 ,1 ,1 ,0 ,0 ,0 ,1 ,0 ,2 ,0 ,10 ,2 ,0 ,0 ,1 ,0 ,0 ,3 ,0 ,2 ,0 ,0 ,0 ,0 ,0 ,7 ,0 ,0 ,2 ,0 ,10 ,0 ,0 ,0 ,0 ,0 ,0 ,1 ,3 ,2 ,9 ,1 ,1 ,0 ,0 ,3 ,0 ,0 ,0 ,0 ,1 ,1 ,62 ,1 ,0 ,0 ,2 ,7 ,0 ,0 ,2 ,0 ,2 ,3 ,0 ,0 ,0 ,0 ,0 ,320 ,1 ,0 ,8 ,6 ,0 ,2 ,5 ,3 ,0 ,3 ,4 ,115 ,2 ,19 ,0 ,55 ,0 ,1 ,4 ,0 ,0 ,0 ,26 ,0 ,4 ,0 ,2 ,0 ,2 ,7 ,"20,032 "
47：沖縄県,115 ,0 ,1 ,22 ,0 ,41 ,429 ,"3,562 ",1 ,0 ,"1,562 ",20 ,121 ,1 ,0 ,2 ,17 ,34 ,487 ,364 ,970 ,"3,249 ",34 ,"6,178 ",0 ,105 ,0 ,133 ,0 ,"2,842 ",1 ,0 ,"2,906 ",79 ,"1,315 ",4 ,43 ,0 ,21 ,2 ,1 ,18 ,3 ,2 ,1 ,0 ,114 ,37 ,28 ,290 ,5 ,15 ,27 ,15 ,1 ,7 ,44 ,2 ,1 ,0 ,2 ,33 ,21 ,58 ,12 ,2 ,1 ,0 ,0 ,21 ,22 ,133 ,0 ,4 ,19 ,13 ,196 ,6 ,8 ,22 ,47 ,0 ,13 ,0 ,0 ,2 ,0 ,3 ,3 ,0 ,28 ,2 ,173 ,2 ,0 ,7 ,26 ,0 ,3 ,0 ,14 ,0 ,5 ,10 ,0 ,2 ,0 ,8 ,1 ,0 ,1 ,1 ,0 ,2 ,5 ,0 ,4 ,0 ,0 ,0 ,6 ,0 ,3 ,0 ,0 ,12 ,1 ,44 ,0 ,4 ,1 ,0 ,3 ,0 ,11 ,0 ,0 ,29 ,0 ,3 ,0 ,0 ,20 ,1 ,0 ,1 ,0 ,0 ,1 ,195 ,4 ,0 ,0 ,2 ,10 ,0 ,1 ,0 ,0 ,4 ,4 ,0 ,0 ,0 ,0 ,1 ,"2,972 ",0 ,1 ,63 ,80 ,2 ,4 ,0 ,28 ,0 ,13 ,3 ,"1,012 ",2 ,301 ,11 ,105 ,0 ,0 ,1 ,0 ,0 ,0 ,54 ,1 ,1 ,3 ,6 ,1 ,9 ,8 ,"31,249 "
48：未定?不詳,16 ,4 ,24 ,9 ,3 ,8 ,202 ,426 ,2 ,0 ,399 ,2 ,34 ,0 ,0 ,48 ,11 ,27 ,161 ,148 ,283 ,"1,485 ",86 ,146 ,0 ,58 ,3 ,55 ,7 ,293 ,2 ,0 ,518 ,50 ,229 ,0 ,31 ,9 ,2 ,4 ,0 ,7 ,3 ,0 ,0 ,0 ,48 ,15 ,22 ,166 ,4 ,18 ,34 ,11 ,1 ,5 ,6 ,2 ,0 ,0 ,0 ,9 ,23 ,58 ,2 ,3 ,3 ,0 ,1 ,14 ,19 ,193 ,10 ,5 ,19 ,4 ,221 ,0 ,1 ,7 ,28 ,0 ,19 ,2 ,0 ,1 ,4 ,6 ,1 ,1 ,3 ,0 ,30 ,3 ,0 ,5 ,25 ,1 ,4 ,1 ,11 ,0 ,0 ,2 ,4 ,34 ,2 ,28 ,1 ,2 ,0 ,12 ,1 ,2 ,0 ,0 ,5 ,3 ,1 ,1 ,2 ,1 ,2 ,0 ,0 ,1 ,2 ,36 ,0 ,1 ,0 ,1 ,0 ,1 ,3 ,4 ,12 ,4 ,1 ,0 ,0 ,3 ,3 ,0 ,8 ,2 ,2 ,0 ,0 ,86 ,1 ,1 ,1 ,5 ,5 ,2 ,2 ,0 ,0 ,1 ,3 ,0 ,0 ,1 ,0 ,0 ,357 ,0 ,3 ,20 ,17 ,1 ,7 ,3 ,29 ,0 ,9 ,3 ,44 ,6 ,13 ,4 ,107 ,0 ,0 ,0 ,4 ,7 ,0 ,41 ,1 ,0 ,2 ,4 ,1 ,0 ,0 ,"6,842 "
総計,"6,653 ",96 ,305 ,860 ,226 ,"4,432 ","56,686 ","230,689 ",32 ,22 ,"409,584 ","22,711 ","27,887 ",102 ,39 ,411 ,"1,659 ","3,977 ","73,067 ","66,624 ","71,125 ","900,738 ","7,842 ","273,229 ",21 ,"32,478 ",118 ,"40,045 ",114 ,"349,714 ",436 ,90 ,"660,483 ","12,214 ","160,362 ",84 ,"21,186 ",297 ,"4,739 ",185 ,87 ,"1,392 ",215 ,99 ,82 ,4 ,"5,864 ","4,176 ","7,261 ","20,532 ",195 ,831 ,"1,782 ",928 ,56 ,318 ,932 ,174 ,21 ,4 ,114 ,"1,436 ","1,891 ","4,291 ",386 ,129 ,275 ,3 ,383 ,614 ,818 ,"8,774 ",108 ,592 ,970 ,892 ,"17,333 ",475 ,451 ,"1,225 ","2,062 ",55 ,870 ,39 ,10 ,171 ,17 ,164 ,385 ,14 ,"2,329 ",90 ,"12,107 ",348 ,74 ,"1,080 ","2,585 ",13 ,792 ,52 ,"3,270 ",13 ,40 ,"1,774 ",221 ,739 ,15 ,"1,184 ",217 ,4 ,37 ,847 ,8 ,260 ,105 ,20 ,684 ,425 ,15 ,15 ,"1,205 ",42 ,682 ,5 ,18 ,967 ,64 ,"4,654 ",61 ,28 ,196 ,55 ,183 ,79 ,208 ,228 ,343 ,"1,796 ",71 ,114 ,29 ,194 ,817 ,63 ,127 ,161 ,34 ,15 ,199 ,"12,441 ",307 ,190 ,9 ,262 ,896 ,57 ,8 ,16 ,35 ,723 ,245 ,109 ,41 ,120 ,22 ,41 ,"68,022 ",22 ,162 ,"3,904 ","3,496 ",130 ,344 ,17 ,"2,844 ",8 ,"1,322 ","2,290 ","211,229 ",648 ,"49,220 ","6,831 ","11,845 ",12 ,78 ,59 ,6 ,208 ,1 ,"3,770 ",119 ,100 ,42 ,356 ,13 ,54 ,482 ,"3,956,619 "
,,,,,,,,,,,,,,,,,,,,,,,,,,,,,,,,,,,,,,,,,,,,,,,,,,,,,,,,,,,,,,,,,,,,,,,,,,,,,,,,,,,,,,,,,,,,,,,,,,,,,,,,,,,,,,,,,,,,,,,,,,,,,,,,,,,,,,,,,,,,,,,,,,,,,,,,,,,,,,,,,,,,,,,,,,,,,,,,,,,,,,,,,,,,,,,,,,,,,,
,,,,,,,,,,,,,,,,,,,,,,,,,,,,,,,,,,,,,,,,,,,,,,,,,,,,,,,,,,,,,,,,,,,,,,,,,,,,,,,,,,,,,,,,,,,,,,,,,,,,,,,,,,,,,,,,,,,,,,,,,,,,,,,,,,,,,,,,,,,,,,,,,,,,,,,,,,,,,,,,,,,,,,,,,,,,,,,,,,,,,,,,,,,,,,,,,,,,,,
,,,,,,,,,,,,,,,,,,,,,,,,,,,,,,,,,,,,,,,,,,,,,,,,,,,,,,,,,,,,,,,,,,,,,,,,,,,,,,,,,,,,,,,,,,,,,,,,,,,,,,,,,,,,,,,,,,,,,,,,,,,,,,,,,,,,,,,,,,,,,,,,,,,,,,,,,,,,,,,,,,,,,,,,,,,,,,,,,,,,,,,,,,,,,,,,,,,,,,
,,,,,,,,,,,,,,,,,,,,,,,,,,,,,,,,,,,,,,,,,,,,,,,,,,,,,,,,,,,,,,,,,,,,,,,,,,,,,,,,,,,,,,,,,,,,,,,,,,,,,,,,,,,,,,,,,,,,,,,,,,,,,,,,,,,,,,,,,,,,,,,,,,,,,,,,,,,,,,,,,,,,,,,,,,,,,,,,,,,,,,,,,,,,,,,,,,,,,,
,,,,,,,,,,,,,,,,,,,,,,,,,,,,,,,,,,,,,,,,,,,,,,,,,,,,,,,,,,,,,,,,,,,,,,,,,,,,,,,,,,,,,,,,,,,,,,,,,,,,,,,,,,,,,,,,,,,,,,,,,,,,,,,,,,,,,,,,,,,,,,,,,,,,,,,,,,,,,,,,,,,,,,,,,,,,,,,,,,,,,,,,,,,,,,,,,,,,,,
,,,,,,,,,,,,,,,,,,,,,,,,,,,,,,,,,,,,,,,,,,,,,,,,,,,,,,,,,,,,,,,,,,,,,,,,,,,,,,,,,,,,,,,,,,,,,,,,,,,,,,,,,,,,,,,,,,,,,,,,,,,,,,,,,,,,,,,,,,,,,,,,,,,,,,,,,,,,,,,,,,,,,,,,,,,,,,,,,,,,,,,,,,,,,,,,,,,,,,
,,,,,,,,,,,,,,,,,,,,,,,,,,,,,,,,,,,,,,,,,,,,,,,,,,,,,,,,,,,,,,,,,,,,,,,,,,,,,,,,,,,,,,,,,,,,,,,,,,,,,,,,,,,,,,,,,,,,,,,,,,,,,,,,,,,,,,,,,,,,,,,,,,,,,,,,,,,,,,,,,,,,,,,,,,,,,,,,,,,,,,,,,,,,,,,,,,,,,,
,,,,,,,,,,,,,,,,,,,,,,,,,,,,,,,,,,,,,,,,,,,,,,,,,,,,,,,,,,,,,,,,,,,,,,,,,,,,,,,,,,,,,,,,,,,,,,,,,,,,,,,,,,,,,,,,,,,,,,,,,,,,,,,,,,,,,,,,,,,,,,,,,,,,,,,,,,,,,,,,,,,,,,,,,,,,,,,,,,,,,,,,,,,,,,,,,,,,,,
,,,,,,,,,,,,,,,,,,,,,,,,,,,,,,,,,,,,,,,,,,,,,,,,,,,,,,,,,,,,,,,,,,,,,,,,,,,,,,,,,,,,,,,,,,,,,,,,,,,,,,,,,,,,,,,,,,,,,,,,,,,,,,,,,,,,,,,,,,,,,,,,,,,,,,,,,,,,,,,,,,,,,,,,,,,,,,,,,,,,,,,,,,,,,,,,,,,,,,
,,,,,,,,,,,,,,,,,,,,,,,,,,,,,,,,,,,,,,,,,,,,,,,,,,,,,,,,,,,,,,,,,,,,,,,,,,,,,,,,,,,,,,,,,,,,,,,,,,,,,,,,,,,,,,,,,,,,,,,,,,,,,,,,,,,,,,,,,,,,,,,,,,,,,,,,,,,,,,,,,,,,,,,,,,,,,,,,,,,,,,,,,,,,,,,,,,,,,,
,,,,,,,,,,,,,,,,,,,,,,,,,,,,,,,,,,,,,,,,,,,,,,,,,,,,,,,,,,,,,,,,,,,,,,,,,,,,,,,,,,,,,,,,,,,,,,,,,,,,,,,,,,,,,,,,,,,,,,,,,,,,,,,,,,,,,,,,,,,,,,,,,,,,,,,,,,,,,,,,,,,,,,,,,,,,,,,,,,,,,,,,,,,,,,,,,,,,,,
,,,,,,,,,,,,,,,,,,,,,,,,,,,,,,,,,,,,,,,,,,,,,,,,,,,,,,,,,,,,,,,,,,,,,,,,,,,,,,,,,,,,,,,,,,,,,,,,,,,,,,,,,,,,,,,,,,,,,,,,,,,,,,,,,,,,,,,,,,,,,,,,,,,,,,,,,,,,,,,,,,,,,,,,,,,,,,,,,,,,,,,,,,,,,,,,,,,,,,
,,,,,,,,,,,,,,,,,,,,,,,,,,,,,,,,,,,,,,,,,,,,,,,,,,,,,,,,,,,,,,,,,,,,,,,,,,,,,,,,,,,,,,,,,,,,,,,,,,,,,,,,,,,,,,,,,,,,,,,,,,,,,,,,,,,,,,,,,,,,,,,,,,,,,,,,,,,,,,,,,,,,,,,,,,,,,,,,,,,,,,,,,,,,,,,,,,,,,,
,,,,,,,,,,,,,,,,,,,,,,,,,,,,,,,,,,,,,,,,,,,,,,,,,,,,,,,,,,,,,,,,,,,,,,,,,,,,,,,,,,,,,,,,,,,,,,,,,,,,,,,,,,,,,,,,,,,,,,,,,,,,,,,,,,,,,,,,,,,,,,,,,,,,,,,,,,,,,,,,,,,,,,,,,,,,,,,,,,,,,,,,,,,,,,,,,,,,,,
,,,,,,,,,,,,,,,,,,,,,,,,,,,,,,,,,,,,,,,,,,,,,,,,,,,,,,,,,,,,,,,,,,,,,,,,,,,,,,,,,,,,,,,,,,,,,,,,,,,,,,,,,,,,,,,,,,,,,,,,,,,,,,,,,,,,,,,,,,,,,,,,,,,,,,,,,,,,,,,,,,,,,,,,,,,,,,,,,,,,,,,,,,,,,,,,,,,,,,
,,,,,,,,,,,,,,,,,,,,,,,,,,,,,,,,,,,,,,,,,,,,,,,,,,,,,,,,,,,,,,,,,,,,,,,,,,,,,,,,,,,,,,,,,,,,,,,,,,,,,,,,,,,,,,,,,,,,,,,,,,,,,,,,,,,,,,,,,,,,,,,,,,,,,,,,,,,,,,,,,,,,,,,,,,,,,,,,,,,,,,,,,,,,,,,,,,,,,,
,,,,,,,,,,,,,,,,,,,,,,,,,,,,,,,,,,,,,,,,,,,,,,,,,,,,,,,,,,,,,,,,,,,,,,,,,,,,,,,,,,,,,,,,,,,,,,,,,,,,,,,,,,,,,,,,,,,,,,,,,,,,,,,,,,,,,,,,,,,,,,,,,,,,,,,,,,,,,,,,,,,,,,,,,,,,,,,,,,,,,,,,,,,,,,,,,,,,,,
,,,,,,,,,,,,,,,,,,,,,,,,,,,,,,,,,,,,,,,,,,,,,,,,,,,,,,,,,,,,,,,,,,,,,,,,,,,,,,,,,,,,,,,,,,,,,,,,,,,,,,,,,,,,,,,,,,,,,,,,,,,,,,,,,,,,,,,,,,,,,,,,,,,,,,,,,,,,,,,,,,,,,,,,,,,,,,,,,,,,,,,,,,,,,,,,,,,,,,
,,,,,,,,,,,,,,,,,,,,,,,,,,,,,,,,,,,,,,,,,,,,,,,,,,,,,,,,,,,,,,,,,,,,,,,,,,,,,,,,,,,,,,,,,,,,,,,,,,,,,,,,,,,,,,,,,,,,,,,,,,,,,,,,,,,,,,,,,,,,,,,,,,,,,,,,,,,,,,,,,,,,,,,,,,,,,,,,,,,,,,,,,,,,,,,,,,,,,,
,,,,,,,,,,,,,,,,,,,,,,,,,,,,,,,,,,,,,,,,,,,,,,,,,,,,,,,,,,,,,,,,,,,,,,,,,,,,,,,,,,,,,,,,,,,,,,,,,,,,,,,,,,,,,,,,,,,,,,,,,,,,,,,,,,,,,,,,,,,,,,,,,,,,,,,,,,,,,,,,,,,,,,,,,,,,,,,,,,,,,,,,,,,,,,,,,,,,,,
,,,,,,,,,,,,,,,,,,,,,,,,,,,,,,,,,,,,,,,,,,,,,,,,,,,,,,,,,,,,,,,,,,,,,,,,,,,,,,,,,,,,,,,,,,,,,,,,,,,,,,,,,,,,,,,,,,,,,,,,,,,,,,,,,,,,,,,,,,,,,,,,,,,,,,,,,,,,,,,,,,,,,,,,,,,,,,,,,,,,,,,,,,,,,,,,,,,,,,
,,,,,,,,,,,,,,,,,,,,,,,,,,,,,,,,,,,,,,,,,,,,,,,,,,,,,,,,,,,,,,,,,,,,,,,,,,,,,,,,,,,,,,,,,,,,,,,,,,,,,,,,,,,,,,,,,,,,,,,,,,,,,,,,,,,,,,,,,,,,,,,,,,,,,,,,,,,,,,,,,,,,,,,,,,,,,,,,,,,,,,,,,,,,,,,,,,,,,,
,,,,,,,,,,,,,,,,,,,,,,,,,,,,,,,,,,,,,,,,,,,,,,,,,,,,,,,,,,,,,,,,,,,,,,,,,,,,,,,,,,,,,,,,,,,,,,,,,,,,,,,,,,,,,,,,,,,,,,,,,,,,,,,,,,,,,,,,,,,,,,,,,,,,,,,,,,,,,,,,,,,,,,,,,,,,,,,,,,,,,,,,,,,,,,,,,,,,,,
,,,,,,,,,,,,,,,,,,,,,,,,,,,,,,,,,,,,,,,,,,,,,,,,,,,,,,,,,,,,,,,,,,,,,,,,,,,,,,,,,,,,,,,,,,,,,,,,,,,,,,,,,,,,,,,,,,,,,,,,,,,,,,,,,,,,,,,,,,,,,,,,,,,,,,,,,,,,,,,,,,,,,,,,,,,,,,,,,,,,,,,,,,,,,,,,,,,,,,
,,,,,,,,,,,,,,,,,,,,,,,,,,,,,,,,,,,,,,,,,,,,,,,,,,,,,,,,,,,,,,,,,,,,,,,,,,,,,,,,,,,,,,,,,,,,,,,,,,,,,,,,,,,,,,,,,,,,,,,,,,,,,,,,,,,,,,,,,,,,,,,,,,,,,,,,,,,,,,,,,,,,,,,,,,,,,,,,,,,,,,,,,,,,,,,,,,,,,,
,,,,,,,,,,,,,,,,,,,,,,,,,,,,,,,,,,,,,,,,,,,,,,,,,,,,,,,,,,,,,,,,,,,,,,,,,,,,,,,,,,,,,,,,,,,,,,,,,,,,,,,,,,,,,,,,,,,,,,,,,,,,,,,,,,,,,,,,,,,,,,,,,,,,,,,,,,,,,,,,,,,,,,,,,,,,,,,,,,,,,,,,,,,,,,,,,,,,,,
,,,,,,,,,,,,,,,,,,,,,,,,,,,,,,,,,,,,,,,,,,,,,,,,,,,,,,,,,,,,,,,,,,,,,,,,,,,,,,,,,,,,,,,,,,,,,,,,,,,,,,,,,,,,,,,,,,,,,,,,,,,,,,,,,,,,,,,,,,,,,,,,,,,,,,,,,,,,,,,,,,,,,,,,,,,,,,,,,,,,,,,,,,,,,,,,,,,,,,
,,,,,,,,,,,,,,,,,,,,,,,,,,,,,,,,,,,,,,,,,,,,,,,,,,,,,,,,,,,,,,,,,,,,,,,,,,,,,,,,,,,,,,,,,,,,,,,,,,,,,,,,,,,,,,,,,,,,,,,,,,,,,,,,,,,,,,,,,,,,,,,,,,,,,,,,,,,,,,,,,,,,,,,,,,,,,,,,,,,,,,,,,,,,,,,,,,,,,,
,,,,,,,,,,,,,,,,,,,,,,,,,,,,,,,,,,,,,,,,,,,,,,,,,,,,,,,,,,,,,,,,,,,,,,,,,,,,,,,,,,,,,,,,,,,,,,,,,,,,,,,,,,,,,,,,,,,,,,,,,,,,,,,,,,,,,,,,,,,,,,,,,,,,,,,,,,,,,,,,,,,,,,,,,,,,,,,,,,,,,,,,,,,,,,,,,,,,,,
,,,,,,,,,,,,,,,,,,,,,,,,,,,,,,,,,,,,,,,,,,,,,,,,,,,,,,,,,,,,,,,,,,,,,,,,,,,,,,,,,,,,,,,,,,,,,,,,,,,,,,,,,,,,,,,,,,,,,,,,,,,,,,,,,,,,,,,,,,,,,,,,,,,,,,,,,,,,,,,,,,,,,,,,,,,,,,,,,,,,,,,,,,,,,,,,,,,,,,
,,,,,,,,,,,,,,,,,,,,,,,,,,,,,,,,,,,,,,,,,,,,,,,,,,,,,,,,,,,,,,,,,,,,,,,,,,,,,,,,,,,,,,,,,,,,,,,,,,,,,,,,,,,,,,,,,,,,,,,,,,,,,,,,,,,,,,,,,,,,,,,,,,,,,,,,,,,,,,,,,,,,,,,,,,,,,,,,,,,,,,,,,,,,,,,,,,,,,,
,,,,,,,,,,,,,,,,,,,,,,,,,,,,,,,,,,,,,,,,,,,,,,,,,,,,,,,,,,,,,,,,,,,,,,,,,,,,,,,,,,,,,,,,,,,,,,,,,,,,,,,,,,,,,,,,,,,,,,,,,,,,,,,,,,,,,,,,,,,,,,,,,,,,,,,,,,,,,,,,,,,,,,,,,,,,,,,,,,,,,,,,,,,,,,,,,,,,,,
,,,,,,,,,,,,,,,,,,,,,,,,,,,,,,,,,,,,,,,,,,,,,,,,,,,,,,,,,,,,,,,,,,,,,,,,,,,,,,,,,,,,,,,,,,,,,,,,,,,,,,,,,,,,,,,,,,,,,,,,,,,,,,,,,,,,,,,,,,,,,,,,,,,,,,,,,,,,,,,,,,,,,,,,,,,,,,,,,,,,,,,,,,,,,,,,,,,,,,
,,,,,,,,,,,,,,,,,,,,,,,,,,,,,,,,,,,,,,,,,,,,,,,,,,,,,,,,,,,,,,,,,,,,,,,,,,,,,,,,,,,,,,,,,,,,,,,,,,,,,,,,,,,,,,,,,,,,,,,,,,,,,,,,,,,,,,,,,,,,,,,,,,,,,,,,,,,,,,,,,,,,,,,,,,,,,,,,,,,,,,,,,,,,,,,,,,,,,,
,,,,,,,,,,,,,,,,,,,,,,,,,,,,,,,,,,,,,,,,,,,,,,,,,,,,,,,,,,,,,,,,,,,,,,,,,,,,,,,,,,,,,,,,,,,,,,,,,,,,,,,,,,,,,,,,,,,,,,,,,,,,,,,,,,,,,,,,,,,,,,,,,,,,,,,,,,,,,,,,,,,,,,,,,,,,,,,,,,,,,,,,,,,,,,,,,,,,,,
,,,,,,,,,,,,,,,,,,,,,,,,,,,,,,,,,,,,,,,,,,,,,,,,,,,,,,,,,,,,,,,,,,,,,,,,,,,,,,,,,,,,,,,,,,,,,,,,,,,,,,,,,,,,,,,,,,,,,,,,,,,,,,,,,,,,,,,,,,,,,,,,,,,,,,,,,,,,,,,,,,,,,,,,,,,,,,,,,,,,,,,,,,,,,,,,,,,,,,
,,,,,,,,,,,,,,,,,,,,,,,,,,,,,,,,,,,,,,,,,,,,,,,,,,,,,,,,,,,,,,,,,,,,,,,,,,,,,,,,,,,,,,,,,,,,,,,,,,,,,,,,,,,,,,,,,,,,,,,,,,,,,,,,,,,,,,,,,,,,,,,,,,,,,,,,,,,,,,,,,,,,,,,,,,,,,,,,,,,,,,,,,,,,,,,,,,,,,,
,,,,,,,,,,,,,,,,,,,,,,,,,,,,,,,,,,,,,,,,,,,,,,,,,,,,,,,,,,,,,,,,,,,,,,,,,,,,,,,,,,,,,,,,,,,,,,,,,,,,,,,,,,,,,,,,,,,,,,,,,,,,,,,,,,,,,,,,,,,,,,,,,,,,,,,,,,,,,,,,,,,,,,,,,,,,,,,,,,,,,,,,,,,,,,,,,,,,,,
,,,,,,,,,,,,,,,,,,,,,,,,,,,,,,,,,,,,,,,,,,,,,,,,,,,,,,,,,,,,,,,,,,,,,,,,,,,,,,,,,,,,,,,,,,,,,,,,,,,,,,,,,,,,,,,,,,,,,,,,,,,,,,,,,,,,,,,,,,,,,,,,,,,,,,,,,,,,,,,,,,,,,,,,,,,,,,,,,,,,,,,,,,,,,,,,,,,,,,
,,,,,,,,,,,,,,,,,,,,,,,,,,,,,,,,,,,,,,,,,,,,,,,,,,,,,,,,,,,,,,,,,,,,,,,,,,,,,,,,,,,,,,,,,,,,,,,,,,,,,,,,,,,,,,,,,,,,,,,,,,,,,,,,,,,,,,,,,,,,,,,,,,,,,,,,,,,,,,,,,,,,,,,,,,,,,,,,,,,,,,,,,,,,,,,,,,,,,,
,,,,,,,,,,,,,,,,,,,,,,,,,,,,,,,,,,,,,,,,,,,,,,,,,,,,,,,,,,,,,,,,,,,,,,,,,,,,,,,,,,,,,,,,,,,,,,,,,,,,,,,,,,,,,,,,,,,,,,,,,,,,,,,,,,,,,,,,,,,,,,,,,,,,,,,,,,,,,,,,,,,,,,,,,,,,,,,,,,,,,,,,,,,,,,,,,,,,,,
,,,,,,,,,,,,,,,,,,,,,,,,,,,,,,,,,,,,,,,,,,,,,,,,,,,,,,,,,,,,,,,,,,,,,,,,,,,,,,,,,,,,,,,,,,,,,,,,,,,,,,,,,,,,,,,,,,,,,,,,,,,,,,,,,,,,,,,,,,,,,,,,,,,,,,,,,,,,,,,,,,,,,,,,,,,,,,,,,,,,,,,,,,,,,,,,,,,,,,
,,,,,,,,,,,,,,,,,,,,,,,,,,,,,,,,,,,,,,,,,,,,,,,,,,,,,,,,,,,,,,,,,,,,,,,,,,,,,,,,,,,,,,,,,,,,,,,,,,,,,,,,,,,,,,,,,,,,,,,,,,,,,,,,,,,,,,,,,,,,,,,,,,,,,,,,,,,,,,,,,,,,,,,,,,,,,,,,,,,,,,,,,,,,,,,,,,,,,,
,,,,,,,,,,,,,,,,,,,,,,,,,,,,,,,,,,,,,,,,,,,,,,,,,,,,,,,,,,,,,,,,,,,,,,,,,,,,,,,,,,,,,,,,,,,,,,,,,,,,,,,,,,,,,,,,,,,,,,,,,,,,,,,,,,,,,,,,,,,,,,,,,,,,,,,,,,,,,,,,,,,,,,,,,,,,,,,,,,,,,,,,,,,,,,,,,,,,,,
,,,,,,,,,,,,,,,,,,,,,,,,,,,,,,,,,,,,,,,,,,,,,,,,,,,,,,,,,,,,,,,,,,,,,,,,,,,,,,,,,,,,,,,,,,,,,,,,,,,,,,,,,,,,,,,,,,,,,,,,,,,,,,,,,,,,,,,,,,,,,,,,,,,,,,,,,,,,,,,,,,,,,,,,,,,,,,,,,,,,,,,,,,,,,,,,,,,,,,
,,,,,,,,,,,,,,,,,,,,,,,,,,,,,,,,,,,,,,,,,,,,,,,,,,,,,,,,,,,,,,,,,,,,,,,,,,,,,,,,,,,,,,,,,,,,,,,,,,,,,,,,,,,,,,,,,,,,,,,,,,,,,,,,,,,,,,,,,,,,,,,,,,,,,,,,,,,,,,,,,,,,,,,,,,,,,,,,,,,,,,,,,,,,,,,,,,,,,,
,,,,,,,,,,,,,,,,,,,,,,,,,,,,,,,,,,,,,,,,,,,,,,,,,,,,,,,,,,,,,,,,,,,,,,,,,,,,,,,,,,,,,,,,,,,,,,,,,,,,,,,,,,,,,,,,,,,,,,,,,,,,,,,,,,,,,,,,,,,,,,,,,,,,,,,,,,,,,,,,,,,,,,,,,,,,,,,,,,,,,,,,,,,,,,,,,,,,,,
,,,,,,,,,,,,,,,,,,,,,,,,,,,,,,,,,,,,,,,,,,,,,,,,,,,,,,,,,,,,,,,,,,,,,,,,,,,,,,,,,,,,,,,,,,,,,,,,,,,,,,,,,,,,,,,,,,,,,,,,,,,,,,,,,,,,,,,,,,,,,,,,,,,,,,,,,,,,,,,,,,,,,,,,,,,,,,,,,,,,,,,,,,,,,,,,,,,,,,
,,,,,,,,,,,,,,,,,,,,,,,,,,,,,,,,,,,,,,,,,,,,,,,,,,,,,,,,,,,,,,,,,,,,,,,,,,,,,,,,,,,,,,,,,,,,,,,,,,,,,,,,,,,,,,,,,,,,,,,,,,,,,,,,,,,,,,,,,,,,,,,,,,,,,,,,,,,,,,,,,,,,,,,,,,,,,,,,,,,,,,,,,,,,,,,,,,,,,,
,,,,,,,,,,,,,,,,,,,,,,,,,,,,,,,,,,,,,,,,,,,,,,,,,,,,,,,,,,,,,,,,,,,,,,,,,,,,,,,,,,,,,,,,,,,,,,,,,,,,,,,,,,,,,,,,,,,,,,,,,,,,,,,,,,,,,,,,,,,,,,,,,,,,,,,,,,,,,,,,,,,,,,,,,,,,,,,,,,,,,,,,,,,,,,,,,,,,,,
,,,,,,,,,,,,,,,,,,,,,,,,,,,,,,,,,,,,,,,,,,,,,,,,,,,,,,,,,,,,,,,,,,,,,,,,,,,,,,,,,,,,,,,,,,,,,,,,,,,,,,,,,,,,,,,,,,,,,,,,,,,,,,,,,,,,,,,,,,,,,,,,,,,,,,,,,,,,,,,,,,,,,,,,,,,,,,,,,,,,,,,,,,,,,,,,,,,,,,
,,,,,,,,,,,,,,,,,,,,,,,,,,,,,,,,,,,,,,,,,,,,,,,,,,,,,,,,,,,,,,,,,,,,,,,,,,,,,,,,,,,,,,,,,,,,,,,,,,,,,,,,,,,,,,,,,,,,,,,,,,,,,,,,,,,,,,,,,,,,,,,,,,,,,,,,,,,,,,,,,,,,,,,,,,,,,,,,,,,,,,,,,,,,,,,,,,,,,,
,,,,,,,,,,,,,,,,,,,,,,,,,,,,,,,,,,,,,,,,,,,,,,,,,,,,,,,,,,,,,,,,,,,,,,,,,,,,,,,,,,,,,,,,,,,,,,,,,,,,,,,,,,,,,,,,,,,,,,,,,,,,,,,,,,,,,,,,,,,,,,,,,,,,,,,,,,,,,,,,,,,,,,,,,,,,,,,,,,,,,,,,,,,,,,,,,,,,,,
,,,,,,,,,,,,,,,,,,,,,,,,,,,,,,,,,,,,,,,,,,,,,,,,,,,,,,,,,,,,,,,,,,,,,,,,,,,,,,,,,,,,,,,,,,,,,,,,,,,,,,,,,,,,,,,,,,,,,,,,,,,,,,,,,,,,,,,,,,,,,,,,,,,,,,,,,,,,,,,,,,,,,,,,,,,,,,,,,,,,,,,,,,,,,,,,,,,,,,
,,,,,,,,,,,,,,,,,,,,,,,,,,,,,,,,,,,,,,,,,,,,,,,,,,,,,,,,,,,,,,,,,,,,,,,,,,,,,,,,,,,,,,,,,,,,,,,,,,,,,,,,,,,,,,,,,,,,,,,,,,,,,,,,,,,,,,,,,,,,,,,,,,,,,,,,,,,,,,,,,,,,,,,,,,,,,,,,,,,,,,,,,,,,,,,,,,,,,,
,,,,,,,,,,,,,,,,,,,,,,,,,,,,,,,,,,,,,,,,,,,,,,,,,,,,,,,,,,,,,,,,,,,,,,,,,,,,,,,,,,,,,,,,,,,,,,,,,,,,,,,,,,,,,,,,,,,,,,,,,,,,,,,,,,,,,,,,,,,,,,,,,,,,,,,,,,,,,,,,,,,,,,,,,,,,,,,,,,,,,,,,,,,,,,,,,,,,,,
,,,,,,,,,,,,,,,,,,,,,,,,,,,,,,,,,,,,,,,,,,,,,,,,,,,,,,,,,,,,,,,,,,,,,,,,,,,,,,,,,,,,,,,,,,,,,,,,,,,,,,,,,,,,,,,,,,,,,,,,,,,,,,,,,,,,,,,,,,,,,,,,,,,,,,,,,,,,,,,,,,,,,,,,,,,,,,,,,,,,,,,,,,,,,,,,,,,,,,
,,,,,,,,,,,,,,,,,,,,,,,,,,,,,,,,,,,,,,,,,,,,,,,,,,,,,,,,,,,,,,,,,,,,,,,,,,,,,,,,,,,,,,,,,,,,,,,,,,,,,,,,,,,,,,,,,,,,,,,,,,,,,,,,,,,,,,,,,,,,,,,,,,,,,,,,,,,,,,,,,,,,,,,,,,,,,,,,,,,,,,,,,,,,,,,,,,,,,,
,,,,,,,,,,,,,,,,,,,,,,,,,,,,,,,,,,,,,,,,,,,,,,,,,,,,,,,,,,,,,,,,,,,,,,,,,,,,,,,,,,,,,,,,,,,,,,,,,,,,,,,,,,,,,,,,,,,,,,,,,,,,,,,,,,,,,,,,,,,,,,,,,,,,,,,,,,,,,,,,,,,,,,,,,,,,,,,,,,,,,,,,,,,,,,,,,,,,,,
,,,,,,,,,,,,,,,,,,,,,,,,,,,,,,,,,,,,,,,,,,,,,,,,,,,,,,,,,,,,,,,,,,,,,,,,,,,,,,,,,,,,,,,,,,,,,,,,,,,,,,,,,,,,,,,,,,,,,,,,,,,,,,,,,,,,,,,,,,,,,,,,,,,,,,,,,,,,,,,,,,,,,,,,,,,,,,,,,,,,,,,,,,,,,,,,,,,,,,
,,,,,,,,,,,,,,,,,,,,,,,,,,,,,,,,,,,,,,,,,,,,,,,,,,,,,,,,,,,,,,,,,,,,,,,,,,,,,,,,,,,,,,,,,,,,,,,,,,,,,,,,,,,,,,,,,,,,,,,,,,,,,,,,,,,,,,,,,,,,,,,,,,,,,,,,,,,,,,,,,,,,,,,,,,,,,,,,,,,,,,,,,,,,,,,,,,,,,,
,,,,,,,,,,,,,,,,,,,,,,,,,,,,,,,,,,,,,,,,,,,,,,,,,,,,,,,,,,,,,,,,,,,,,,,,,,,,,,,,,,,,,,,,,,,,,,,,,,,,,,,,,,,,,,,,,,,,,,,,,,,,,,,,,,,,,,,,,,,,,,,,,,,,,,,,,,,,,,,,,,,,,,,,,,,,,,,,,,,,,,,,,,,,,,,,,,,,,,
,,,,,,,,,,,,,,,,,,,,,,,,,,,,,,,,,,,,,,,,,,,,,,,,,,,,,,,,,,,,,,,,,,,,,,,,,,,,,,,,,,,,,,,,,,,,,,,,,,,,,,,,,,,,,,,,,,,,,,,,,,,,,,,,,,,,,,,,,,,,,,,,,,,,,,,,,,,,,,,,,,,,,,,,,,,,,,,,,,,,,,,,,,,,,,,,,,,,,,
,,,,,,,,,,,,,,,,,,,,,,,,,,,,,,,,,,,,,,,,,,,,,,,,,,,,,,,,,,,,,,,,,,,,,,,,,,,,,,,,,,,,,,,,,,,,,,,,,,,,,,,,,,,,,,,,,,,,,,,,,,,,,,,,,,,,,,,,,,,,,,,,,,,,,,,,,,,,,,,,,,,,,,,,,,,,,,,,,,,,,,,,,,,,,,,,,,,,,,
,,,,,,,,,,,,,,,,,,,,,,,,,,,,,,,,,,,,,,,,,,,,,,,,,,,,,,,,,,,,,,,,,,,,,,,,,,,,,,,,,,,,,,,,,,,,,,,,,,,,,,,,,,,,,,,,,,,,,,,,,,,,,,,,,,,,,,,,,,,,,,,,,,,,,,,,,,,,,,,,,,,,,,,,,,,,,,,,,,,,,,,,,,,,,,,,,,,,,,
,,,,,,,,,,,,,,,,,,,,,,,,,,,,,,,,,,,,,,,,,,,,,,,,,,,,,,,,,,,,,,,,,,,,,,,,,,,,,,,,,,,,,,,,,,,,,,,,,,,,,,,,,,,,,,,,,,,,,,,,,,,,,,,,,,,,,,,,,,,,,,,,,,,,,,,,,,,,,,,,,,,,,,,,,,,,,,,,,,,,,,,,,,,,,,,,,,,,,,
,,,,,,,,,,,,,,,,,,,,,,,,,,,,,,,,,,,,,,,,,,,,,,,,,,,,,,,,,,,,,,,,,,,,,,,,,,,,,,,,,,,,,,,,,,,,,,,,,,,,,,,,,,,,,,,,,,,,,,,,,,,,,,,,,,,,,,,,,,,,,,,,,,,,,,,,,,,,,,,,,,,,,,,,,,,,,,,,,,,,,,,,,,,,,,,,,,,,,,
,,,,,,,,,,,,,,,,,,,,,,,,,,,,,,,,,,,,,,,,,,,,,,,,,,,,,,,,,,,,,,,,,,,,,,,,,,,,,,,,,,,,,,,,,,,,,,,,,,,,,,,,,,,,,,,,,,,,,,,,,,,,,,,,,,,,,,,,,,,,,,,,,,,,,,,,,,,,,,,,,,,,,,,,,,,,,,,,,,,,,,,,,,,,,,,,,,,,,,
,,,,,,,,,,,,,,,,,,,,,,,,,,,,,,,,,,,,,,,,,,,,,,,,,,,,,,,,,,,,,,,,,,,,,,,,,,,,,,,,,,,,,,,,,,,,,,,,,,,,,,,,,,,,,,,,,,,,,,,,,,,,,,,,,,,,,,,,,,,,,,,,,,,,,,,,,,,,,,,,,,,,,,,,,,,,,,,,,,,,,,,,,,,,,,,,,,,,,,
,,,,,,,,,,,,,,,,,,,,,,,,,,,,,,,,,,,,,,,,,,,,,,,,,,,,,,,,,,,,,,,,,,,,,,,,,,,,,,,,,,,,,,,,,,,,,,,,,,,,,,,,,,,,,,,,,,,,,,,,,,,,,,,,,,,,,,,,,,,,,,,,,,,,,,,,,,,,,,,,,,,,,,,,,,,,,,,,,,,,,,,,,,,,,,,,,,,,,,
,,,,,,,,,,,,,,,,,,,,,,,,,,,,,,,,,,,,,,,,,,,,,,,,,,,,,,,,,,,,,,,,,,,,,,,,,,,,,,,,,,,,,,,,,,,,,,,,,,,,,,,,,,,,,,,,,,,,,,,,,,,,,,,,,,,,,,,,,,,,,,,,,,,,,,,,,,,,,,,,,,,,,,,,,,,,,,,,,,,,,,,,,,,,,,,,,,,,,,
,,,,,,,,,,,,,,,,,,,,,,,,,,,,,,,,,,,,,,,,,,,,,,,,,,,,,,,,,,,,,,,,,,,,,,,,,,,,,,,,,,,,,,,,,,,,,,,,,,,,,,,,,,,,,,,,,,,,,,,,,,,,,,,,,,,,,,,,,,,,,,,,,,,,,,,,,,,,,,,,,,,,,,,,,,,,,,,,,,,,,,,,,,,,,,,,,,,,,,
,,,,,,,,,,,,,,,,,,,,,,,,,,,,,,,,,,,,,,,,,,,,,,,,,,,,,,,,,,,,,,,,,,,,,,,,,,,,,,,,,,,,,,,,,,,,,,,,,,,,,,,,,,,,,,,,,,,,,,,,,,,,,,,,,,,,,,,,,,,,,,,,,,,,,,,,,,,,,,,,,,,,,,,,,,,,,,,,,,,,,,,,,,,,,,,,,,,,,,
,,,,,,,,,,,,,,,,,,,,,,,,,,,,,,,,,,,,,,,,,,,,,,,,,,,,,,,,,,,,,,,,,,,,,,,,,,,,,,,,,,,,,,,,,,,,,,,,,,,,,,,,,,,,,,,,,,,,,,,,,,,,,,,,,,,,,,,,,,,,,,,,,,,,,,,,,,,,,,,,,,,,,,,,,,,,,,,,,,,,,,,,,,,,,,,,,,,,,,
,,,,,,,,,,,,,,,,,,,,,,,,,,,,,,,,,,,,,,,,,,,,,,,,,,,,,,,,,,,,,,,,,,,,,,,,,,,,,,,,,,,,,,,,,,,,,,,,,,,,,,,,,,,,,,,,,,,,,,,,,,,,,,,,,,,,,,,,,,,,,,,,,,,,,,,,,,,,,,,,,,,,,,,,,,,,,,,,,,,,,,,,,,,,,,,,,,,,,,
,,,,,,,,,,,,,,,,,,,,,,,,,,,,,,,,,,,,,,,,,,,,,,,,,,,,,,,,,,,,,,,,,,,,,,,,,,,,,,,,,,,,,,,,,,,,,,,,,,,,,,,,,,,,,,,,,,,,,,,,,,,,,,,,,,,,,,,,,,,,,,,,,,,,,,,,,,,,,,,,,,,,,,,,,,,,,,,,,,,,,,,,,,,,,,,,,,,,,,
,,,,,,,,,,,,,,,,,,,,,,,,,,,,,,,,,,,,,,,,,,,,,,,,,,,,,,,,,,,,,,,,,,,,,,,,,,,,,,,,,,,,,,,,,,,,,,,,,,,,,,,,,,,,,,,,,,,,,,,,,,,,,,,,,,,,,,,,,,,,,,,,,,,,,,,,,,,,,,,,,,,,,,,,,,,,,,,,,,,,,,,,,,,,,,,,,,,,,,
,,,,,,,,,,,,,,,,,,,,,,,,,,,,,,,,,,,,,,,,,,,,,,,,,,,,,,,,,,,,,,,,,,,,,,,,,,,,,,,,,,,,,,,,,,,,,,,,,,,,,,,,,,,,,,,,,,,,,,,,,,,,,,,,,,,,,,,,,,,,,,,,,,,,,,,,,,,,,,,,,,,,,,,,,,,,,,,,,,,,,,,,,,,,,,,,,,,,,,
,,,,,,,,,,,,,,,,,,,,,,,,,,,,,,,,,,,,,,,,,,,,,,,,,,,,,,,,,,,,,,,,,,,,,,,,,,,,,,,,,,,,,,,,,,,,,,,,,,,,,,,,,,,,,,,,,,,,,,,,,,,,,,,,,,,,,,,,,,,,,,,,,,,,,,,,,,,,,,,,,,,,,,,,,,,,,,,,,,,,,,,,,,,,,,,,,,,,,,
,,,,,,,,,,,,,,,,,,,,,,,,,,,,,,,,,,,,,,,,,,,,,,,,,,,,,,,,,,,,,,,,,,,,,,,,,,,,,,,,,,,,,,,,,,,,,,,,,,,,,,,,,,,,,,,,,,,,,,,,,,,,,,,,,,,,,,,,,,,,,,,,,,,,,,,,,,,,,,,,,,,,,,,,,,,,,,,,,,,,,,,,,,,,,,,,,,,,,,
,,,,,,,,,,,,,,,,,,,,,,,,,,,,,,,,,,,,,,,,,,,,,,,,,,,,,,,,,,,,,,,,,,,,,,,,,,,,,,,,,,,,,,,,,,,,,,,,,,,,,,,,,,,,,,,,,,,,,,,,,,,,,,,,,,,,,,,,,,,,,,,,,,,,,,,,,,,,,,,,,,,,,,,,,,,,,,,,,,,,,,,,,,,,,,,,,,,,,,
,,,,,,,,,,,,,,,,,,,,,,,,,,,,,,,,,,,,,,,,,,,,,,,,,,,,,,,,,,,,,,,,,,,,,,,,,,,,,,,,,,,,,,,,,,,,,,,,,,,,,,,,,,,,,,,,,,,,,,,,,,,,,,,,,,,,,,,,,,,,,,,,,,,,,,,,,,,,,,,,,,,,,,,,,,,,,,,,,,,,,,,,,,,,,,,,,,,,,,
,,,,,,,,,,,,,,,,,,,,,,,,,,,,,,,,,,,,,,,,,,,,,,,,,,,,,,,,,,,,,,,,,,,,,,,,,,,,,,,,,,,,,,,,,,,,,,,,,,,,,,,,,,,,,,,,,,,,,,,,,,,,,,,,,,,,,,,,,,,,,,,,,,,,,,,,,,,,,,,,,,,,,,,,,,,,,,,,,,,,,,,,,,,,,,,,,,,,,,
,,,,,,,,,,,,,,,,,,,,,,,,,,,,,,,,,,,,,,,,,,,,,,,,,,,,,,,,,,,,,,,,,,,,,,,,,,,,,,,,,,,,,,,,,,,,,,,,,,,,,,,,,,,,,,,,,,,,,,,,,,,,,,,,,,,,,,,,,,,,,,,,,,,,,,,,,,,,,,,,,,,,,,,,,,,,,,,,,,,,,,,,,,,,,,,,,,,,,,
,,,,,,,,,,,,,,,,,,,,,,,,,,,,,,,,,,,,,,,,,,,,,,,,,,,,,,,,,,,,,,,,,,,,,,,,,,,,,,,,,,,,,,,,,,,,,,,,,,,,,,,,,,,,,,,,,,,,,,,,,,,,,,,,,,,,,,,,,,,,,,,,,,,,,,,,,,,,,,,,,,,,,,,,,,,,,,,,,,,,,,,,,,,,,,,,,,,,,,
,,,,,,,,,,,,,,,,,,,,,,,,,,,,,,,,,,,,,,,,,,,,,,,,,,,,,,,,,,,,,,,,,,,,,,,,,,,,,,,,,,,,,,,,,,,,,,,,,,,,,,,,,,,,,,,,,,,,,,,,,,,,,,,,,,,,,,,,,,,,,,,,,,,,,,,,,,,,,,,,,,,,,,,,,,,,,,,,,,,,,,,,,,,,,,,,,,,,,,
,,,,,,,,,,,,,,,,,,,,,,,,,,,,,,,,,,,,,,,,,,,,,,,,,,,,,,,,,,,,,,,,,,,,,,,,,,,,,,,,,,,,,,,,,,,,,,,,,,,,,,,,,,,,,,,,,,,,,,,,,,,,,,,,,,,,,,,,,,,,,,,,,,,,,,,,,,,,,,,,,,,,,,,,,,,,,,,,,,,,,,,,,,,,,,,,,,,,,,
,,,,,,,,,,,,,,,,,,,,,,,,,,,,,,,,,,,,,,,,,,,,,,,,,,,,,,,,,,,,,,,,,,,,,,,,,,,,,,,,,,,,,,,,,,,,,,,,,,,,,,,,,,,,,,,,,,,,,,,,,,,,,,,,,,,,,,,,,,,,,,,,,,,,,,,,,,,,,,,,,,,,,,,,,,,,,,,,,,,,,,,,,,,,,,,,,,,,,,
,,,,,,,,,,,,,,,,,,,,,,,,,,,,,,,,,,,,,,,,,,,,,,,,,,,,,,,,,,,,,,,,,,,,,,,,,,,,,,,,,,,,,,,,,,,,,,,,,,,,,,,,,,,,,,,,,,,,,,,,,,,,,,,,,,,,,,,,,,,,,,,,,,,,,,,,,,,,,,,,,,,,,,,,,,,,,,,,,,,,,,,,,,,,,,,,,,,,,,
,,,,,,,,,,,,,,,,,,,,,,,,,,,,,,,,,,,,,,,,,,,,,,,,,,,,,,,,,,,,,,,,,,,,,,,,,,,,,,,,,,,,,,,,,,,,,,,,,,,,,,,,,,,,,,,,,,,,,,,,,,,,,,,,,,,,,,,,,,,,,,,,,,,,,,,,,,,,,,,,,,,,,,,,,,,,,,,,,,,,,,,,,,,,,,,,,,,,,,
,,,,,,,,,,,,,,,,,,,,,,,,,,,,,,,,,,,,,,,,,,,,,,,,,,,,,,,,,,,,,,,,,,,,,,,,,,,,,,,,,,,,,,,,,,,,,,,,,,,,,,,,,,,,,,,,,,,,,,,,,,,,,,,,,,,,,,,,,,,,,,,,,,,,,,,,,,,,,,,,,,,,,,,,,,,,,,,,,,,,,,,,,,,,,,,,,,,,,,
,,,,,,,,,,,,,,,,,,,,,,,,,,,,,,,,,,,,,,,,,,,,,,,,,,,,,,,,,,,,,,,,,,,,,,,,,,,,,,,,,,,,,,,,,,,,,,,,,,,,,,,,,,,,,,,,,,,,,,,,,,,,,,,,,,,,,,,,,,,,,,,,,,,,,,,,,,,,,,,,,,,,,,,,,,,,,,,,,,,,,,,,,,,,,,,,,,,,,,
,,,,,,,,,,,,,,,,,,,,,,,,,,,,,,,,,,,,,,,,,,,,,,,,,,,,,,,,,,,,,,,,,,,,,,,,,,,,,,,,,,,,,,,,,,,,,,,,,,,,,,,,,,,,,,,,,,,,,,,,,,,,,,,,,,,,,,,,,,,,,,,,,,,,,,,,,,,,,,,,,,,,,,,,,,,,,,,,,,,,,,,,,,,,,,,,,,,,,,
,,,,,,,,,,,,,,,,,,,,,,,,,,,,,,,,,,,,,,,,,,,,,,,,,,,,,,,,,,,,,,,,,,,,,,,,,,,,,,,,,,,,,,,,,,,,,,,,,,,,,,,,,,,,,,,,,,,,,,,,,,,,,,,,,,,,,,,,,,,,,,,,,,,,,,,,,,,,,,,,,,,,,,,,,,,,,,,,,,,,,,,,,,,,,,,,,,,,,,
,,,,,,,,,,,,,,,,,,,,,,,,,,,,,,,,,,,,,,,,,,,,,,,,,,,,,,,,,,,,,,,,,,,,,,,,,,,,,,,,,,,,,,,,,,,,,,,,,,,,,,,,,,,,,,,,,,,,,,,,,,,,,,,,,,,,,,,,,,,,,,,,,,,,,,,,,,,,,,,,,,,,,,,,,,,,,,,,,,,,,,,,,,,,,,,,,,,,,,
,,,,,,,,,,,,,,,,,,,,,,,,,,,,,,,,,,,,,,,,,,,,,,,,,,,,,,,,,,,,,,,,,,,,,,,,,,,,,,,,,,,,,,,,,,,,,,,,,,,,,,,,,,,,,,,,,,,,,,,,,,,,,,,,,,,,,,,,,,,,,,,,,,,,,,,,,,,,,,,,,,,,,,,,,,,,,,,,,,,,,,,,,,,,,,,,,,,,,,
,,,,,,,,,,,,,,,,,,,,,,,,,,,,,,,,,,,,,,,,,,,,,,,,,,,,,,,,,,,,,,,,,,,,,,,,,,,,,,,,,,,,,,,,,,,,,,,,,,,,,,,,,,,,,,,,,,,,,,,,,,,,,,,,,,,,,,,,,,,,,,,,,,,,,,,,,,,,,,,,,,,,,,,,,,,,,,,,,,,,,,,,,,,,,,,,,,,,,,
,,,,,,,,,,,,,,,,,,,,,,,,,,,,,,,,,,,,,,,,,,,,,,,,,,,,,,,,,,,,,,,,,,,,,,,,,,,,,,,,,,,,,,,,,,,,,,,,,,,,,,,,,,,,,,,,,,,,,,,,,,,,,,,,,,,,,,,,,,,,,,,,,,,,,,,,,,,,,,,,,,,,,,,,,,,,,,,,,,,,,,,,,,,,,,,,,,,,,,
,,,,,,,,,,,,,,,,,,,,,,,,,,,,,,,,,,,,,,,,,,,,,,,,,,,,,,,,,,,,,,,,,,,,,,,,,,,,,,,,,,,,,,,,,,,,,,,,,,,,,,,,,,,,,,,,,,,,,,,,,,,,,,,,,,,,,,,,,,,,,,,,,,,,,,,,,,,,,,,,,,,,,,,,,,,,,,,,,,,,,,,,,,,,,,,,,,,,,,
,,,,,,,,,,,,,,,,,,,,,,,,,,,,,,,,,,,,,,,,,,,,,,,,,,,,,,,,,,,,,,,,,,,,,,,,,,,,,,,,,,,,,,,,,,,,,,,,,,,,,,,,,,,,,,,,,,,,,,,,,,,,,,,,,,,,,,,,,,,,,,,,,,,,,,,,,,,,,,,,,,,,,,,,,,,,,,,,,,,,,,,,,,,,,,,,,,,,,,
,,,,,,,,,,,,,,,,,,,,,,,,,,,,,,,,,,,,,,,,,,,,,,,,,,,,,,,,,,,,,,,,,,,,,,,,,,,,,,,,,,,,,,,,,,,,,,,,,,,,,,,,,,,,,,,,,,,,,,,,,,,,,,,,,,,,,,,,,,,,,,,,,,,,,,,,,,,,,,,,,,,,,,,,,,,,,,,,,,,,,,,,,,,,,,,,,,,,,,
,,,,,,,,,,,,,,,,,,,,,,,,,,,,,,,,,,,,,,,,,,,,,,,,,,,,,,,,,,,,,,,,,,,,,,,,,,,,,,,,,,,,,,,,,,,,,,,,,,,,,,,,,,,,,,,,,,,,,,,,,,,,,,,,,,,,,,,,,,,,,,,,,,,,,,,,,,,,,,,,,,,,,,,,,,,,,,,,,,,,,,,,,,,,,,,,,,,,,,
,,,,,,,,,,,,,,,,,,,,,,,,,,,,,,,,,,,,,,,,,,,,,,,,,,,,,,,,,,,,,,,,,,,,,,,,,,,,,,,,,,,,,,,,,,,,,,,,,,,,,,,,,,,,,,,,,,,,,,,,,,,,,,,,,,,,,,,,,,,,,,,,,,,,,,,,,,,,,,,,,,,,,,,,,,,,,,,,,,,,,,,,,,,,,,,,,,,,,,
,,,,,,,,,,,,,,,,,,,,,,,,,,,,,,,,,,,,,,,,,,,,,,,,,,,,,,,,,,,,,,,,,,,,,,,,,,,,,,,,,,,,,,,,,,,,,,,,,,,,,,,,,,,,,,,,,,,,,,,,,,,,,,,,,,,,,,,,,,,,,,,,,,,,,,,,,,,,,,,,,,,,,,,,,,,,,,,,,,,,,,,,,,,,,,,,,,,,,,
,,,,,,,,,,,,,,,,,,,,,,,,,,,,,,,,,,,,,,,,,,,,,,,,,,,,,,,,,,,,,,,,,,,,,,,,,,,,,,,,,,,,,,,,,,,,,,,,,,,,,,,,,,,,,,,,,,,,,,,,,,,,,,,,,,,,,,,,,,,,,,,,,,,,,,,,,,,,,,,,,,,,,,,,,,,,,,,,,,,,,,,,,,,,,,,,,,,,,,
,,,,,,,,,,,,,,,,,,,,,,,,,,,,,,,,,,,,,,,,,,,,,,,,,,,,,,,,,,,,,,,,,,,,,,,,,,,,,,,,,,,,,,,,,,,,,,,,,,,,,,,,,,,,,,,,,,,,,,,,,,,,,,,,,,,,,,,,,,,,,,,,,,,,,,,,,,,,,,,,,,,,,,,,,,,,,,,,,,,,,,,,,,,,,,,,,,,,,,
,,,,,,,,,,,,,,,,,,,,,,,,,,,,,,,,,,,,,,,,,,,,,,,,,,,,,,,,,,,,,,,,,,,,,,,,,,,,,,,,,,,,,,,,,,,,,,,,,,,,,,,,,,,,,,,,,,,,,,,,,,,,,,,,,,,,,,,,,,,,,,,,,,,,,,,,,,,,,,,,,,,,,,,,,,,,,,,,,,,,,,,,,,,,,,,,,,,,,,
,,,,,,,,,,,,,,,,,,,,,,,,,,,,,,,,,,,,,,,,,,,,,,,,,,,,,,,,,,,,,,,,,,,,,,,,,,,,,,,,,,,,,,,,,,,,,,,,,,,,,,,,,,,,,,,,,,,,,,,,,,,,,,,,,,,,,,,,,,,,,,,,,,,,,,,,,,,,,,,,,,,,,,,,,,,,,,,,,,,,,,,,,,,,,,,,,,,,,,
,,,,,,,,,,,,,,,,,,,,,,,,,,,,,,,,,,,,,,,,,,,,,,,,,,,,,,,,,,,,,,,,,,,,,,,,,,,,,,,,,,,,,,,,,,,,,,,,,,,,,,,,,,,,,,,,,,,,,,,,,,,,,,,,,,,,,,,,,,,,,,,,,,,,,,,,,,,,,,,,,,,,,,,,,,,,,,,,,,,,,,,,,,,,,,,,,,,,,,
,,,,,,,,,,,,,,,,,,,,,,,,,,,,,,,,,,,,,,,,,,,,,,,,,,,,,,,,,,,,,,,,,,,,,,,,,,,,,,,,,,,,,,,,,,,,,,,,,,,,,,,,,,,,,,,,,,,,,,,,,,,,,,,,,,,,,,,,,,,,,,,,,,,,,,,,,,,,,,,,,,,,,,,,,,,,,,,,,,,,,,,,,,,,,,,,,,,,,,
,,,,,,,,,,,,,,,,,,,,,,,,,,,,,,,,,,,,,,,,,,,,,,,,,,,,,,,,,,,,,,,,,,,,,,,,,,,,,,,,,,,,,,,,,,,,,,,,,,,,,,,,,,,,,,,,,,,,,,,,,,,,,,,,,,,,,,,,,,,,,,,,,,,,,,,,,,,,,,,,,,,,,,,,,,,,,,,,,,,,,,,,,,,,,,,,,,,,,,
,,,,,,,,,,,,,,,,,,,,,,,,,,,,,,,,,,,,,,,,,,,,,,,,,,,,,,,,,,,,,,,,,,,,,,,,,,,,,,,,,,,,,,,,,,,,,,,,,,,,,,,,,,,,,,,,,,,,,,,,,,,,,,,,,,,,,,,,,,,,,,,,,,,,,,,,,,,,,,,,,,,,,,,,,,,,,,,,,,,,,,,,,,,,,,,,,,,,,,
,,,,,,,,,,,,,,,,,,,,,,,,,,,,,,,,,,,,,,,,,,,,,,,,,,,,,,,,,,,,,,,,,,,,,,,,,,,,,,,,,,,,,,,,,,,,,,,,,,,,,,,,,,,,,,,,,,,,,,,,,,,,,,,,,,,,,,,,,,,,,,,,,,,,,,,,,,,,,,,,,,,,,,,,,,,,,,,,,,,,,,,,,,,,,,,,,,,,,,
,,,,,,,,,,,,,,,,,,,,,,,,,,,,,,,,,,,,,,,,,,,,,,,,,,,,,,,,,,,,,,,,,,,,,,,,,,,,,,,,,,,,,,,,,,,,,,,,,,,,,,,,,,,,,,,,,,,,,,,,,,,,,,,,,,,,,,,,,,,,,,,,,,,,,,,,,,,,,,,,,,,,,,,,,,,,,,,,,,,,,,,,,,,,,,,,,,,,,,
,,,,,,,,,,,,,,,,,,,,,,,,,,,,,,,,,,,,,,,,,,,,,,,,,,,,,,,,,,,,,,,,,,,,,,,,,,,,,,,,,,,,,,,,,,,,,,,,,,,,,,,,,,,,,,,,,,,,,,,,,,,,,,,,,,,,,,,,,,,,,,,,,,,,,,,,,,,,,,,,,,,,,,,,,,,,,,,,,,,,,,,,,,,,,,,,,,,,,,
,,,,,,,,,,,,,,,,,,,,,,,,,,,,,,,,,,,,,,,,,,,,,,,,,,,,,,,,,,,,,,,,,,,,,,,,,,,,,,,,,,,,,,,,,,,,,,,,,,,,,,,,,,,,,,,,,,,,,,,,,,,,,,,,,,,,,,,,,,,,,,,,,,,,,,,,,,,,,,,,,,,,,,,,,,,,,,,,,,,,,,,,,,,,,,,,,,,,,,
,,,,,,,,,,,,,,,,,,,,,,,,,,,,,,,,,,,,,,,,,,,,,,,,,,,,,,,,,,,,,,,,,,,,,,,,,,,,,,,,,,,,,,,,,,,,,,,,,,,,,,,,,,,,,,,,,,,,,,,,,,,,,,,,,,,,,,,,,,,,,,,,,,,,,,,,,,,,,,,,,,,,,,,,,,,,,,,,,,,,,,,,,,,,,,,,,,,,,,
,,,,,,,,,,,,,,,,,,,,,,,,,,,,,,,,,,,,,,,,,,,,,,,,,,,,,,,,,,,,,,,,,,,,,,,,,,,,,,,,,,,,,,,,,,,,,,,,,,,,,,,,,,,,,,,,,,,,,,,,,,,,,,,,,,,,,,,,,,,,,,,,,,,,,,,,,,,,,,,,,,,,,,,,,,,,,,,,,,,,,,,,,,,,,,,,,,,,,,
,,,,,,,,,,,,,,,,,,,,,,,,,,,,,,,,,,,,,,,,,,,,,,,,,,,,,,,,,,,,,,,,,,,,,,,,,,,,,,,,,,,,,,,,,,,,,,,,,,,,,,,,,,,,,,,,,,,,,,,,,,,,,,,,,,,,,,,,,,,,,,,,,,,,,,,,,,,,,,,,,,,,,,,,,,,,,,,,,,,,,,,,,,,,,,,,,,,,,,
,,,,,,,,,,,,,,,,,,,,,,,,,,,,,,,,,,,,,,,,,,,,,,,,,,,,,,,,,,,,,,,,,,,,,,,,,,,,,,,,,,,,,,,,,,,,,,,,,,,,,,,,,,,,,,,,,,,,,,,,,,,,,,,,,,,,,,,,,,,,,,,,,,,,,,,,,,,,,,,,,,,,,,,,,,,,,,,,,,,,,,,,,,,,,,,,,,,,,,
,,,,,,,,,,,,,,,,,,,,,,,,,,,,,,,,,,,,,,,,,,,,,,,,,,,,,,,,,,,,,,,,,,,,,,,,,,,,,,,,,,,,,,,,,,,,,,,,,,,,,,,,,,,,,,,,,,,,,,,,,,,,,,,,,,,,,,,,,,,,,,,,,,,,,,,,,,,,,,,,,,,,,,,,,,,,,,,,,,,,,,,,,,,,,,,,,,,,,,
,,,,,,,,,,,,,,,,,,,,,,,,,,,,,,,,,,,,,,,,,,,,,,,,,,,,,,,,,,,,,,,,,,,,,,,,,,,,,,,,,,,,,,,,,,,,,,,,,,,,,,,,,,,,,,,,,,,,,,,,,,,,,,,,,,,,,,,,,,,,,,,,,,,,,,,,,,,,,,,,,,,,,,,,,,,,,,,,,,,,,,,,,,,,,,,,,,,,,,
,,,,,,,,,,,,,,,,,,,,,,,,,,,,,,,,,,,,,,,,,,,,,,,,,,,,,,,,,,,,,,,,,,,,,,,,,,,,,,,,,,,,,,,,,,,,,,,,,,,,,,,,,,,,,,,,,,,,,,,,,,,,,,,,,,,,,,,,,,,,,,,,,,,,,,,,,,,,,,,,,,,,,,,,,,,,,,,,,,,,,,,,,,,,,,,,,,,,,,
,,,,,,,,,,,,,,,,,,,,,,,,,,,,,,,,,,,,,,,,,,,,,,,,,,,,,,,,,,,,,,,,,,,,,,,,,,,,,,,,,,,,,,,,,,,,,,,,,,,,,,,,,,,,,,,,,,,,,,,,,,,,,,,,,,,,,,,,,,,,,,,,,,,,,,,,,,,,,,,,,,,,,,,,,,,,,,,,,,,,,,,,,,,,,,,,,,,,,,
,,,,,,,,,,,,,,,,,,,,,,,,,,,,,,,,,,,,,,,,,,,,,,,,,,,,,,,,,,,,,,,,,,,,,,,,,,,,,,,,,,,,,,,,,,,,,,,,,,,,,,,,,,,,,,,,,,,,,,,,,,,,,,,,,,,,,,,,,,,,,,,,,,,,,,,,,,,,,,,,,,,,,,,,,,,,,,,,,,,,,,,,,,,,,,,,,,,,,,
,,,,,,,,,,,,,,,,,,,,,,,,,,,,,,,,,,,,,,,,,,,,,,,,,,,,,,,,,,,,,,,,,,,,,,,,,,,,,,,,,,,,,,,,,,,,,,,,,,,,,,,,,,,,,,,,,,,,,,,,,,,,,,,,,,,,,,,,,,,,,,,,,,,,,,,,,,,,,,,,,,,,,,,,,,,,,,,,,,,,,,,,,,,,,,,,,,,,,,
,,,,,,,,,,,,,,,,,,,,,,,,,,,,,,,,,,,,,,,,,,,,,,,,,,,,,,,,,,,,,,,,,,,,,,,,,,,,,,,,,,,,,,,,,,,,,,,,,,,,,,,,,,,,,,,,,,,,,,,,,,,,,,,,,,,,,,,,,,,,,,,,,,,,,,,,,,,,,,,,,,,,,,,,,,,,,,,,,,,,,,,,,,,,,,,,,,,,,,
,,,,,,,,,,,,,,,,,,,,,,,,,,,,,,,,,,,,,,,,,,,,,,,,,,,,,,,,,,,,,,,,,,,,,,,,,,,,,,,,,,,,,,,,,,,,,,,,,,,,,,,,,,,,,,,,,,,,,,,,,,,,,,,,,,,,,,,,,,,,,,,,,,,,,,,,,,,,,,,,,,,,,,,,,,,,,,,,,,,,,,,,,,,,,,,,,,,,,,
,,,,,,,,,,,,,,,,,,,,,,,,,,,,,,,,,,,,,,,,,,,,,,,,,,,,,,,,,,,,,,,,,,,,,,,,,,,,,,,,,,,,,,,,,,,,,,,,,,,,,,,,,,,,,,,,,,,,,,,,,,,,,,,,,,,,,,,,,,,,,,,,,,,,,,,,,,,,,,,,,,,,,,,,,,,,,,,,,,,,,,,,,,,,,,,,,,,,,,
,,,,,,,,,,,,,,,,,,,,,,,,,,,,,,,,,,,,,,,,,,,,,,,,,,,,,,,,,,,,,,,,,,,,,,,,,,,,,,,,,,,,,,,,,,,,,,,,,,,,,,,,,,,,,,,,,,,,,,,,,,,,,,,,,,,,,,,,,,,,,,,,,,,,,,,,,,,,,,,,,,,,,,,,,,,,,,,,,,,,,,,,,,,,,,,,,,,,,,
,,,,,,,,,,,,,,,,,,,,,,,,,,,,,,,,,,,,,,,,,,,,,,,,,,,,,,,,,,,,,,,,,,,,,,,,,,,,,,,,,,,,,,,,,,,,,,,,,,,,,,,,,,,,,,,,,,,,,,,,,,,,,,,,,,,,,,,,,,,,,,,,,,,,,,,,,,,,,,,,,,,,,,,,,,,,,,,,,,,,,,,,,,,,,,,,,,,,,,
,,,,,,,,,,,,,,,,,,,,,,,,,,,,,,,,,,,,,,,,,,,,,,,,,,,,,,,,,,,,,,,,,,,,,,,,,,,,,,,,,,,,,,,,,,,,,,,,,,,,,,,,,,,,,,,,,,,,,,,,,,,,,,,,,,,,,,,,,,,,,,,,,,,,,,,,,,,,,,,,,,,,,,,,,,,,,,,,,,,,,,,,,,,,,,,,,,,,,,
,,,,,,,,,,,,,,,,,,,,,,,,,,,,,,,,,,,,,,,,,,,,,,,,,,,,,,,,,,,,,,,,,,,,,,,,,,,,,,,,,,,,,,,,,,,,,,,,,,,,,,,,,,,,,,,,,,,,,,,,,,,,,,,,,,,,,,,,,,,,,,,,,,,,,,,,,,,,,,,,,,,,,,,,,,,,,,,,,,,,,,,,,,,,,,,,,,,,,,
,,,,,,,,,,,,,,,,,,,,,,,,,,,,,,,,,,,,,,,,,,,,,,,,,,,,,,,,,,,,,,,,,,,,,,,,,,,,,,,,,,,,,,,,,,,,,,,,,,,,,,,,,,,,,,,,,,,,,,,,,,,,,,,,,,,,,,,,,,,,,,,,,,,,,,,,,,,,,,,,,,,,,,,,,,,,,,,,,,,,,,,,,,,,,,,,,,,,,,
,,,,,,,,,,,,,,,,,,,,,,,,,,,,,,,,,,,,,,,,,,,,,,,,,,,,,,,,,,,,,,,,,,,,,,,,,,,,,,,,,,,,,,,,,,,,,,,,,,,,,,,,,,,,,,,,,,,,,,,,,,,,,,,,,,,,,,,,,,,,,,,,,,,,,,,,,,,,,,,,,,,,,,,,,,,,,,,,,,,,,,,,,,,,,,,,,,,,,,
,,,,,,,,,,,,,,,,,,,,,,,,,,,,,,,,,,,,,,,,,,,,,,,,,,,,,,,,,,,,,,,,,,,,,,,,,,,,,,,,,,,,,,,,,,,,,,,,,,,,,,,,,,,,,,,,,,,,,,,,,,,,,,,,,,,,,,,,,,,,,,,,,,,,,,,,,,,,,,,,,,,,,,,,,,,,,,,,,,,,,,,,,,,,,,,,,,,,,,
,,,,,,,,,,,,,,,,,,,,,,,,,,,,,,,,,,,,,,,,,,,,,,,,,,,,,,,,,,,,,,,,,,,,,,,,,,,,,,,,,,,,,,,,,,,,,,,,,,,,,,,,,,,,,,,,,,,,,,,,,,,,,,,,,,,,,,,,,,,,,,,,,,,,,,,,,,,,,,,,,,,,,,,,,,,,,,,,,,,,,,,,,,,,,,,,,,,,,,
,,,,,,,,,,,,,,,,,,,,,,,,,,,,,,,,,,,,,,,,,,,,,,,,,,,,,,,,,,,,,,,,,,,,,,,,,,,,,,,,,,,,,,,,,,,,,,,,,,,,,,,,,,,,,,,,,,,,,,,,,,,,,,,,,,,,,,,,,,,,,,,,,,,,,,,,,,,,,,,,,,,,,,,,,,,,,,,,,,,,,,,,,,,,,,,,,,,,,,
,,,,,,,,,,,,,,,,,,,,,,,,,,,,,,,,,,,,,,,,,,,,,,,,,,,,,,,,,,,,,,,,,,,,,,,,,,,,,,,,,,,,,,,,,,,,,,,,,,,,,,,,,,,,,,,,,,,,,,,,,,,,,,,,,,,,,,,,,,,,,,,,,,,,,,,,,,,,,,,,,,,,,,,,,,,,,,,,,,,,,,,,,,,,,,,,,,,,,,
,,,,,,,,,,,,,,,,,,,,,,,,,,,,,,,,,,,,,,,,,,,,,,,,,,,,,,,,,,,,,,,,,,,,,,,,,,,,,,,,,,,,,,,,,,,,,,,,,,,,,,,,,,,,,,,,,,,,,,,,,,,,,,,,,,,,,,,,,,,,,,,,,,,,,,,,,,,,,,,,,,,,,,,,,,,,,,,,,,,,,,,,,,,,,,,,,,,,,,
,,,,,,,,,,,,,,,,,,,,,,,,,,,,,,,,,,,,,,,,,,,,,,,,,,,,,,,,,,,,,,,,,,,,,,,,,,,,,,,,,,,,,,,,,,,,,,,,,,,,,,,,,,,,,,,,,,,,,,,,,,,,,,,,,,,,,,,,,,,,,,,,,,,,,,,,,,,,,,,,,,,,,,,,,,,,,,,,,,,,,,,,,,,,,,,,,,,,,,
,,,,,,,,,,,,,,,,,,,,,,,,,,,,,,,,,,,,,,,,,,,,,,,,,,,,,,,,,,,,,,,,,,,,,,,,,,,,,,,,,,,,,,,,,,,,,,,,,,,,,,,,,,,,,,,,,,,,,,,,,,,,,,,,,,,,,,,,,,,,,,,,,,,,,,,,,,,,,,,,,,,,,,,,,,,,,,,,,,,,,,,,,,,,,,,,,,,,,,
,,,,,,,,,,,,,,,,,,,,,,,,,,,,,,,,,,,,,,,,,,,,,,,,,,,,,,,,,,,,,,,,,,,,,,,,,,,,,,,,,,,,,,,,,,,,,,,,,,,,,,,,,,,,,,,,,,,,,,,,,,,,,,,,,,,,,,,,,,,,,,,,,,,,,,,,,,,,,,,,,,,,,,,,,,,,,,,,,,,,,,,,,,,,,,,,,,,,,,
,,,,,,,,,,,,,,,,,,,,,,,,,,,,,,,,,,,,,,,,,,,,,,,,,,,,,,,,,,,,,,,,,,,,,,,,,,,,,,,,,,,,,,,,,,,,,,,,,,,,,,,,,,,,,,,,,,,,,,,,,,,,,,,,,,,,,,,,,,,,,,,,,,,,,,,,,,,,,,,,,,,,,,,,,,,,,,,,,,,,,,,,,,,,,,,,,,,,,,
,,,,,,,,,,,,,,,,,,,,,,,,,,,,,,,,,,,,,,,,,,,,,,,,,,,,,,,,,,,,,,,,,,,,,,,,,,,,,,,,,,,,,,,,,,,,,,,,,,,,,,,,,,,,,,,,,,,,,,,,,,,,,,,,,,,,,,,,,,,,,,,,,,,,,,,,,,,,,,,,,,,,,,,,,,,,,,,,,,,,,,,,,,,,,,,,,,,,,,
,,,,,,,,,,,,,,,,,,,,,,,,,,,,,,,,,,,,,,,,,,,,,,,,,,,,,,,,,,,,,,,,,,,,,,,,,,,,,,,,,,,,,,,,,,,,,,,,,,,,,,,,,,,,,,,,,,,,,,,,,,,,,,,,,,,,,,,,,,,,,,,,,,,,,,,,,,,,,,,,,,,,,,,,,,,,,,,,,,,,,,,,,,,,,,,,,,,,,,
,,,,,,,,,,,,,,,,,,,,,,,,,,,,,,,,,,,,,,,,,,,,,,,,,,,,,,,,,,,,,,,,,,,,,,,,,,,,,,,,,,,,,,,,,,,,,,,,,,,,,,,,,,,,,,,,,,,,,,,,,,,,,,,,,,,,,,,,,,,,,,,,,,,,,,,,,,,,,,,,,,,,,,,,,,,,,,,,,,,,,,,,,,,,,,,,,,,,,,
,,,,,,,,,,,,,,,,,,,,,,,,,,,,,,,,,,,,,,,,,,,,,,,,,,,,,,,,,,,,,,,,,,,,,,,,,,,,,,,,,,,,,,,,,,,,,,,,,,,,,,,,,,,,,,,,,,,,,,,,,,,,,,,,,,,,,,,,,,,,,,,,,,,,,,,,,,,,,,,,,,,,,,,,,,,,,,,,,,,,,,,,,,,,,,,,,,,,,,
